"","ID","geom","area","Admin2"
"290","florida,alachua",list(list(c(-82.6606216430664, -82.6377029418945, -82.6205139160156, -82.5975952148438, -82.5804061889648, -82.5804061889648, -82.5689468383789, -82.5402984619141, -82.5231094360352, -82.4257049560547, -82.3741455078125, -82.3454895019531, -82.3053817749023, -82.282470703125, -82.2251739501953, -82.1392288208008, -82.1220397949219, -82.0876617431641, -82.0475616455078, -82.0532913208008, -82.0360946655273, -82.0189056396484, -82.0303649902344, -82.0475616455078, -82.0475616455078, -82.0762023925781, 
-82.0876617431641, -82.104850769043, -82.1277694702148, -82.1736068725586, -82.1965255737305, -82.2137145996094, -82.2022552490234, -82.1907958984375, -82.1907958984375, -82.2137145996094, -82.4085235595703, -82.5632171630859, -82.5632171630859, -82.6606216430664, -82.6663513183594, -82.6606216430664, 29.816722869873, 29.816722869873, 29.8453712463379, 29.8511028289795, 29.8797492980957, 29.9141254425049, 29.9255867004395, 29.9255867004395, 29.9370441436768, 29.9141254425049, 29.8740177154541, 29.8682899475098, 
29.8396415710449, 29.8396415710449, 29.8396415710449, 29.822452545166, 29.822452545166, 29.7479705810547, 29.7193202972412, 29.4729499816895, 29.4786796569824, 29.4958686828613, 29.4672183990479, 29.4557609558105, 29.444299697876, 29.4328422546387, 29.4213809967041, 29.4328422546387, 29.4328422546387, 29.4213809967041, 29.4213809967041, 29.4500312805176, 29.4614887237549, 29.4557609558105, 29.4672183990479, 29.4786796569824, 29.4786796569824, 29.4901371002197, 29.5359745025635, 29.5474319458008, 
29.5703506469727, 29.816722869873))),2498863358.53755,"alachua"
"291","florida,baker",list(list(c(-82.0418243408203, -82.0360946655273, -82.0418243408203, -82.1334991455078, -82.460090637207, -82.460090637207, -82.2137145996094, -82.2251739501953, -82.2423629760742, -82.2309036254883, -82.2137145996094, -82.2079849243164, -82.2079849243164, -82.1793365478516, -82.1621475219727, -82.1220397949219, -82.0876617431641, -82.0475616455078, -82.0418243408203, 30.2636299133301, 30.1719570159912, 30.137580871582, 30.137580871582, 30.137580871582, 30.5730266571045, 30.5615692138672, 30.5386505126953, 
30.527193069458, 30.5100040435791, 30.4928131103516, 30.4698944091797, 30.3954105377197, 30.3724918365479, 30.3610343933105, 30.3610343933105, 30.3553047180176, 30.3610343933105, 30.2636299133301))),1542466064.01172,"baker"
"292","florida,bay",list(list(c(-85.4050903320312, -85.4108200073242, -85.450927734375, -85.4853057861328, -85.5082244873047, -85.5254058837891, -85.5254058837891, -85.6858367919922, -85.6915664672852, -85.6915664672852, -85.6743850708008, -85.63427734375, -85.5196762084961, -85.5024948120117, -85.4967651367188, -85.5139465332031, -85.5254058837891, -85.5483322143555, -85.5655136108398, -85.5941619873047, -85.6170806884766, -85.6571884155273, -85.6801071166992, -85.7030258178711, -85.7316741943359, -85.7030258178711, 
-85.7030258178711, -85.6858367919922, -85.6858367919922, -85.6972961425781, -85.72021484375, -85.7316741943359, -85.7431335449219, -85.7545928955078, -85.7775115966797, -85.8061599731445, -85.8233489990234, -85.8462677001953, -85.8691864013672, -85.8691864013672, -85.8519973754883, -85.8290786743164, -85.8004302978516, -85.7832412719727, -85.7832412719727, -85.7775115966797, -85.7545928955078, -85.7545928955078, -85.7545928955078, -85.7488632202148, -85.7545928955078, -85.7775115966797, -85.8749160766602, 
-85.9494018554688, -85.9895095825195, -85.9895095825195, -85.9665832519531, -85.9379425048828, -85.9150238037109, -85.897834777832, -85.8749160766602, -85.5082244873047, -85.5024948120117, -85.450927734375, -85.3993606567383, -85.4050903320312, 30.217794418335, 29.9656925201416, 29.9714241027832, 29.9828815460205, 29.9943428039551, 30.0058002471924, 30.0344486236572, 30.1146621704102, 30.1318511962891, 30.1433086395264, 30.1433086395264, 30.1318511962891, 30.074556350708, 30.074556350708, 30.0860137939453, 
30.1032009124756, 30.1490383148193, 30.1547698974609, 30.1547698974609, 30.1433086395264, 30.1490383148193, 30.1719570159912, 30.1719570159912, 30.1834144592285, 30.212064743042, 30.2292518615723, 30.2521705627441, 30.2636299133301, 30.275089263916, 30.275089263916, 30.269359588623, 30.269359588623, 30.2808208465576, 30.3151969909668, 30.3266544342041, 30.3266544342041, 30.3037395477295, 30.2980079650879, 30.275089263916, 30.2579021453857, 30.2464408874512, 30.2464408874512, 30.269359588623, 30.269359588623, 
30.2521705627441, 30.2407131195068, 30.2407131195068, 30.2292518615723, 30.2063331604004, 30.1547698974609, 30.1490383148193, 30.1547698974609, 30.2235221862793, 30.2636299133301, 30.286548614502, 30.4011421203613, 30.4240608215332, 30.4240608215332, 30.4240608215332, 30.4355182647705, 30.4527053833008, 30.4527053833008, 30.5730266571045, 30.5730266571045, 30.5730266571045, 30.217794418335))),1946587532.64477,"bay"
"293","florida,bradford",list(list(c(-82.4257049560547, -82.3855972290039, -82.3512191772461, -82.3225784301758, -82.3053817749023, -82.288200378418, -82.2710113525391, -82.1965255737305, -82.1736068725586, -82.1621475219727, -82.1392288208008, -82.1334991455078, -82.0418243408203, -82.0475616455078, -82.0876617431641, -82.1220397949219, -82.1392288208008, -82.2251739501953, -82.282470703125, -82.3053817749023, -82.3454895019531, -82.3741455078125, -82.4257049560547, 29.9141254425049, 29.9370441436768, 29.9485054016113, 
29.9542350769043, 29.9599628448486, 29.9886112213135, 30.0058002471924, 30.0516376495361, 30.0802822113037, 30.0917434692383, 30.1032009124756, 30.137580871582, 30.137580871582, 29.7193202972412, 29.7479705810547, 29.822452545166, 29.822452545166, 29.8396415710449, 29.8396415710449, 29.8396415710449, 29.8682899475098, 29.8740177154541, 29.9141254425049))),818898089.731453,"bradford"
"294","florida,brevard",list(list(c(-80.9474716186523, -80.9417495727539, -80.8500747680664, -80.8156967163086, -80.7813186645508, -80.7182922363281, -80.6438140869141, -80.5922470092773, -80.5234909057617, -80.477653503418, -80.5120315551758, -80.8729934692383, -80.8615341186523, -80.8672637939453, -80.8901824951172, -80.8844528198242, -80.8844528198242, -80.8729934692383, -80.8787231445312, -80.9360198974609, -80.9417495727539, -80.930290222168, -80.9474716186523, 28.5963230133057, 28.7739410400391, 28.7739410400391, 
28.6536197662354, 28.5332984924316, 28.338493347168, 28.1666049957275, 28.0692024230957, 27.9259624481201, 27.8514785766602, 27.8056411743164, 27.8113708496094, 28.332763671875, 28.3671398162842, 28.4129772186279, 28.4358959197998, 28.4530849456787, 28.470272064209, 28.4874629974365, 28.5218391418457, 28.5447578430176, 28.5562171936035, 28.5963230133057))),2189682999.46911,"brevard"
"295","florida,broward",list(list(c(-80.8901824951172, -80.8844528198242, -80.8787231445312, -80.0880355834961, -80.0880355834961, -80.0995025634766, -80.1109619140625, -80.1224136352539, -80.1281433105469, -80.1281433105469, -80.1338729858398, -80.3000335693359, -80.3000335693359, -80.6896514892578, -80.6953811645508, -80.8901824951172, 25.9721775054932, 26.2471961975098, 26.3331394195557, 26.3159523010254, 26.2815742492676, 26.1669826507568, 26.1211471557617, 26.0924968719482, 26.0523910522461, 26.006555557251, 25.9607181549072, 
25.9607181549072, 25.9492588043213, 25.9492588043213, 25.9664478302002, 25.9721775054932))),3167386973.49722,"broward"
"296","florida,calhoun",list(list(c(-85.4050903320312, -85.3993606567383, -85.1930923461914, -85.181640625, -84.9352569580078, -84.9467239379883, -84.9868316650391, -85.004020690918, -85.0154800415039, -85.0097503662109, -85.0269317626953, -85.0555877685547, -85.0555877685547, -85.0441284179688, -85.0326690673828, -85.0441284179688, -85.0613098144531, -85.0613098144531, -85.0842361450195, -85.0899658203125, -85.1300735473633, -85.4050903320312, 30.217794418335, 30.5730266571045, 30.5730266571045, 30.6074066162109, 30.6074066162109, 
30.5959453582764, 30.5730266571045, 30.527193069458, 30.4756240844727, 30.4584369659424, 30.4412479400635, 30.4240608215332, 30.4011421203613, 30.4011421203613, 30.4011421203613, 30.3839530944824, 30.3724918365479, 30.3151969909668, 30.286548614502, 30.2521705627441, 30.212064743042, 30.217794418335))),1440333949.0816,"calhoun"
"297","florida,charlotte",list(list(c(-82.0532913208008, -81.5662689208984, -81.5719985961914, -82.0819320678711, -82.0647430419922, -82.0762023925781, -82.0933990478516, -82.1105804443359, -82.104850769043, -82.0933990478516, -82.0475616455078, -82.0360946655273, -82.0360946655273, -82.0475616455078, -82.0762023925781, -82.09912109375, -82.1163101196289, -82.1277694702148, -82.1506881713867, -82.1678771972656, -82.2366333007812, -82.2538223266602, -82.2595520019531, -82.2595520019531, -82.2423629760742, -82.1736068725586, 
-82.1621475219727, -82.1621475219727, -82.1736068725586, -82.2022552490234, -82.2137145996094, -82.2366333007812, -82.2480926513672, -82.2652740478516, -82.282470703125, -82.2939300537109, -82.3340377807617, -82.3454895019531, -82.2710113525391, -82.2710113525391, -82.0532913208008, 27.0321483612061, 27.0321483612061, 26.7628574371338, 26.7628574371338, 26.7972354888916, 26.8602619171143, 26.8889102935791, 26.911828994751, 26.9232883453369, 26.9347457885742, 26.9462051391602, 26.9576644897461, 26.974853515625, 
26.980583190918, 26.969123840332, 26.9633941650391, 26.9633941650391, 26.9633941650391, 26.9633941650391, 26.9576644897461, 26.9977703094482, 27.0035018920898, 26.9977703094482, 26.974853515625, 26.9576644897461, 26.8831787109375, 26.8545322418213, 26.8201541900635, 26.8144245147705, 26.8201541900635, 26.8258838653564, 26.8258838653564, 26.8201541900635, 26.8430728912354, 26.8373432159424, 26.8545322418213, 26.8946380615234, 26.9404754638672, 26.9404754638672, 27.037878036499, 27.0321483612061))),1814780798.81995,"charlotte"
"298","florida,citrus",list(list(c(-82.735107421875, -82.7064590454102, -82.6892700195312, -82.6663513183594, -82.6205139160156, -82.6033248901367, -82.5861358642578, -82.5746765136719, -82.5231094360352, -82.5059280395508, -82.4658126831055, -82.4257049560547, -82.3225784301758, -82.2939300537109, -82.2710113525391, -82.2137145996094, -82.1793365478516, -82.1736068725586, -82.1793365478516, -82.2366333007812, -82.2595520019531, -82.2710113525391, -82.4257049560547, -82.4257049560547, -82.6377029418945, -82.6377029418945, 
-82.6548919677734, -82.6548919677734, -82.6434326171875, -82.6434326171875, -82.6434326171875, -82.6663513183594, -82.6835403442383, -82.6949996948242, -82.6949996948242, -82.6949996948242, -82.6892700195312, -82.6778106689453, -82.6548919677734, -82.6377029418945, -82.6262435913086, -82.6205139160156, -82.6319732666016, -82.6548919677734, -82.6949996948242, -82.7121887207031, -82.7236480712891, -82.7236480712891, -82.735107421875, 29.0088520050049, 29.0260429382324, 29.0317707061768, 29.0317707061768, 
29.0145816802979, 29.0145816802979, 29.0260429382324, 29.0317707061768, 29.0432319641113, 29.0489616394043, 29.0432319641113, 29.0145816802979, 28.9744758605957, 28.9515571594238, 28.8999919891357, 28.8426971435547, 28.8025875091553, 28.7853984832764, 28.7624797821045, 28.7223720550537, 28.6937274932861, 28.6650772094727, 28.6708087921143, 28.6937274932861, 28.6994533538818, 28.716646194458, 28.7395648956299, 28.7567520141602, 28.7739410400391, 28.7853984832764, 28.8025875091553, 28.8083171844482, 
28.8140468597412, 28.8255062103271, 28.8369655609131, 28.8426971435547, 28.859884262085, 28.8656120300293, 28.8656120300293, 28.8656120300293, 28.8770732879639, 28.8885307312012, 28.8999919891357, 28.9229106903076, 28.9400997161865, 28.9572868347168, 28.9687442779541, 28.9973945617676, 29.0088520050049))),1542558086.54407,"citrus"
"299","florida,clay",list(list(c(-82.0360946655273, -81.6636734008789, -81.6694030761719, -81.6751327514648, -81.6636734008789, -81.6636734008789, -81.6636734008789, -81.6694030761719, -81.6694030761719, -81.6006546020508, -81.5891952514648, -81.5949249267578, -81.5719985961914, -81.8069152832031, -81.8470230102539, -81.8928527832031, -81.9215087890625, -81.9329605102539, -81.9444198608398, -81.9902572631836, -82.0131759643555, -82.0475616455078, -82.0418243408203, -82.0360946655273, 30.1719570159912, 30.1719570159912, 
30.1547698974609, 30.1318511962891, 30.1146621704102, 30.0917434692383, 30.074556350708, 30.0459060668945, 30.0229873657227, 29.9656925201416, 29.9370441436768, 29.9026679992676, 29.822452545166, 29.822452545166, 29.7995338439941, 29.7880764007568, 29.7766151428223, 29.7536964416504, 29.7422389984131, 29.7422389984131, 29.7422389984131, 29.7193202972412, 30.137580871582, 30.1719570159912))),1687716951.81847,"clay"
"300","florida,collier",list(list(c(-80.8844528198242, -80.8901824951172, -80.8901824951172, -81.382926940918, -81.4115753173828, -81.4631423950195, -81.5032501220703, -81.5261611938477, -81.5433578491211, -81.5662689208984, -81.5777282714844, -81.6121063232422, -81.6350326538086, -81.652214050293, -81.6751327514648, -81.6923217773438, -81.7095108032227, -81.7209701538086, -81.7496185302734, -81.7839965820312, -81.824104309082, -81.8470230102539, -81.8527450561523, -81.8527450561523, -81.8183746337891, -81.8183746337891, 
-81.6694030761719, -81.6694030761719, -81.5719985961914, -81.5719985961914, -81.2855224609375, -81.2912521362305, -80.8844528198242, 26.2471961975098, 25.9721775054932, 25.7945594787598, 25.8002891540527, 25.8289375305176, 25.8633155822754, 25.8805046081543, 25.8862323760986, 25.9091510772705, 25.9091510772705, 25.8976917266846, 25.9148826599121, 25.9091510772705, 25.9148826599121, 25.9206104278564, 25.9148826599121, 25.9148826599121, 25.9206104278564, 25.9377994537354, 26.0008239746094, 26.132604598999, 
26.2357368469238, 26.2930335998535, 26.3274116516113, 26.3331394195557, 26.3159523010254, 26.3159523010254, 26.4248142242432, 26.4305419921875, 26.5107574462891, 26.5107574462891, 26.2529258728027, 26.2471961975098))),5299474343.70822,"collier"
"301","florida,columbia",list(list(c(-82.7064590454102, -82.6033248901367, -82.460090637207, -82.460090637207, -82.4543609619141, -82.4715423583984, -82.5116500854492, -82.5231094360352, -82.5402984619141, -82.5517578125, -82.5632171630859, -82.5689468383789, -82.5402984619141, -82.5231094360352, -82.5402984619141, -82.5689468383789, -82.5804061889648, -82.5804061889648, -82.5975952148438, -82.6205139160156, -82.6377029418945, -82.6606216430664, -82.6892700195312, -82.7179107666016, -82.7522964477539, -82.7522964477539, 
-82.7866744995117, -82.7981262207031, -82.7924041748047, -82.7465667724609, -82.7522964477539, -82.7924041748047, -82.7924041748047, -82.7924041748047, -82.7580184936523, -82.735107421875, -82.7064590454102, -82.6720733642578, -82.6377029418945, -82.6377029418945, -82.7064590454102, -82.7236480712891, -82.7064590454102, 30.590217590332, 30.5844879150391, 30.5730266571045, 30.137580871582, 30.1146621704102, 30.0860137939453, 30.074556350708, 30.0688247680664, 30.0459060668945, 30.0172576904297, 30.0058002471924, 
29.9828815460205, 29.9599628448486, 29.9370441436768, 29.9255867004395, 29.9255867004395, 29.9141254425049, 29.8797492980957, 29.8511028289795, 29.8453712463379, 29.816722869873, 29.816722869873, 29.822452545166, 29.8396415710449, 29.8625602722168, 29.8797492980957, 29.9255867004395, 29.9313163757324, 29.9485054016113, 29.9771499633789, 29.9886112213135, 29.9828815460205, 30.1146621704102, 30.3094673156738, 30.3037395477295, 30.3037395477295, 30.3209266662598, 30.3438453674316, 30.3782234191895, 
30.4125995635986, 30.4985427856445, 30.5386505126953, 30.590217590332))),2028697979.05489,"columbia"
"302","florida,miami-dade",list(list(c(-80.8901824951172, -80.8901824951172, -80.6953811645508, -80.6896514892578, -80.3000335693359, -80.3000335693359, -80.1338729858398, -80.1396102905273, -80.1281433105469, -80.1281433105469, -80.1281433105469, -80.1338729858398, -80.1453399658203, -80.1625213623047, -80.1682510375977, -80.1682510375977, -80.1625213623047, -80.1739807128906, -80.1854476928711, -80.196907043457, -80.2026290893555, -80.2083587646484, -80.2198181152344, -80.2541961669922, -80.2656555175781, -80.2771224975586, 
-80.3000335693359, -80.3114929199219, -80.3229598999023, -80.3229598999023, -80.3229598999023, -80.3344116210938, -80.3516006469727, -80.3573303222656, -80.3458709716797, -80.3286819458008, -80.3286819458008, -80.3344116210938, -80.3859786987305, -80.3917083740234, -80.4031677246094, -80.4260864257812, -80.4375457763672, -80.4432754516602, -80.471923828125, -80.4891128540039, -80.5005722045898, -80.5177612304688, -80.5578689575195, -80.5865097045898, -80.5979766845703, -80.5922470092773, -80.6094360351562, 
-80.6323471069336, -80.6781845092773, -80.7125625610352, -80.7927780151367, -80.8271560668945, -80.8500747680664, -80.8959121704102, -80.8901824951172, 25.7945594787598, 25.9721775054932, 25.9664478302002, 25.9492588043213, 25.9492588043213, 25.9607181549072, 25.9607181549072, 25.9034233093262, 25.8518562316895, 25.8174781799316, 25.7945594787598, 25.7831001281738, 25.7773704528809, 25.7831001281738, 25.8002891540527, 25.8232078552246, 25.8575859069824, 25.8575859069824, 25.8518562316895, 25.8346672058105, 
25.7888298034668, 25.754451751709, 25.7372646331787, 25.7200756072998, 25.6971569061279, 25.6398601531982, 25.6284008026123, 25.616943359375, 25.5997543334961, 25.5653781890869, 25.5481872558594, 25.5252685546875, 25.4966220855713, 25.4622459411621, 25.4221363067627, 25.3934898376465, 25.3705711364746, 25.3533821105957, 25.3304634094238, 25.301815032959, 25.290355682373, 25.2731685638428, 25.238790512085, 25.2216014862061, 25.233060836792, 25.227331161499, 25.2044143676758, 25.2044143676758, 25.233060836792, 
25.238790512085, 25.233060836792, 25.2044143676758, 25.1929550170898, 25.1929550170898, 25.1814956665039, 25.158576965332, 25.158576965332, 25.1757640838623, 25.1814956665039, 25.1814956665039, 25.7945594787598))),5125117446.06305,"miami-dade"
"303","florida,de soto",list(list(c(-81.5662689208984, -82.0532913208008, -82.0532913208008, -82.2137145996094, -82.2137145996094, -82.1564178466797, -82.1564178466797, -82.0590133666992, -82.0590133666992, -81.5605392456055, -81.5662689208984, 27.0321483612061, 27.0321483612061, 27.100902557373, 27.100902557373, 27.1983070373535, 27.2040348052979, 27.2441425323486, 27.2498722076416, 27.3358173370361, 27.3358173370361, 27.0321483612061))),1867595405.13557,"desoto"
"304","florida,dixie",list(list(c(-83.4112014770508, -83.37109375, -83.3538970947266, -83.3481674194336, -83.3309783935547, -83.3195266723633, -83.3252563476562, -83.3137969970703, -82.9356384277344, -82.9356384277344, -82.9470977783203, -82.9470977783203, -82.9470977783203, -82.9585647583008, -82.9642868041992, -82.9356384277344, -82.9413681030273, -82.9642868041992, -82.9700164794922, -82.9700164794922, -82.9872055053711, -83.010124206543, -83.0158538818359, -83.0387725830078, -83.0616912841797, -83.0674209594727, -83.0788803100586, 
-83.0960693359375, -83.1075286865234, -83.1304473876953, -83.1533660888672, -83.1648254394531, -83.1648254394531, -83.187744140625, -83.2106552124023, -83.2335815429688, -83.2507629394531, -83.2679595947266, -83.2794189453125, -83.2966003417969, -83.3080596923828, -83.3137969970703, -83.3309783935547, -83.3481674194336, -83.37109375, -83.3882751464844, -83.3997344970703, -83.3940048217773, -83.3997344970703, -83.4112014770508, -83.4112014770508, 29.6734828948975, 29.6734828948975, 29.6964015960693, 
29.7250518798828, 29.7479705810547, 29.765157699585, 29.7880764007568, 29.822452545166, 29.816722869873, 29.7766151428223, 29.7365093231201, 29.7078590393066, 29.6792144775391, 29.6448383331299, 29.5932693481445, 29.5932693481445, 29.5760822296143, 29.5531635284424, 29.5302448272705, 29.4901371002197, 29.4672183990479, 29.4328422546387, 29.4099235534668, 29.3927364349365, 29.381275177002, 29.3411674499512, 29.3297100067139, 29.3297100067139, 29.3182487487793, 29.3182487487793, 29.306791305542, 29.3354396820068, 
29.364086151123, 29.3984661102295, 29.4213809967041, 29.4385738372803, 29.444299697876, 29.444299697876, 29.444299697876, 29.4385738372803, 29.4557609558105, 29.4729499816895, 29.4958686828613, 29.5015983581543, 29.5130558013916, 29.5245132446289, 29.5359745025635, 29.5760822296143, 29.5932693481445, 29.6276454925537, 29.6734828948975))),1824380400.00508,"dixie"
"305","florida,duval",list(list(c(-82.0418243408203, -81.7438888549805, -81.7209701538086, -81.7095108032227, -81.6808700561523, -81.6579437255859, -81.6407623291016, -81.6121063232422, -81.6006546020508, -81.6006546020508, -81.6006546020508, -81.5834579467773, -81.5662689208984, -81.5490875244141, -81.5318908691406, -81.5089797973633, -81.5032501220703, -81.4516830444336, -81.4516830444336, -81.4402160644531, -81.4344940185547, -81.4402160644531, -81.4574127197266, -81.4516830444336, -81.4402160644531, -81.4230346679688, 
-81.4001083374023, -81.3886566162109, -81.371467590332, -81.3657379150391, -81.4287643432617, -81.4344940185547, -81.5318908691406, -81.5376205444336, -81.554817199707, -81.5949249267578, -81.6235656738281, -81.6350326538086, -81.6636734008789, -81.6751327514648, -81.6694030761719, -81.6636734008789, -82.0360946655273, -82.0418243408203, 30.2636299133301, 30.5100040435791, 30.5386505126953, 30.5615692138672, 30.5558376312256, 30.5501117706299, 30.5672988891602, 30.5730266571045, 30.5730266571045, 
30.5558376312256, 30.5501117706299, 30.5501117706299, 30.5386505126953, 30.5329189300537, 30.5157318115234, 30.5157318115234, 30.5329189300537, 30.5329189300537, 30.5157318115234, 30.4870853424072, 30.4584369659424, 30.4125995635986, 30.3896808624268, 30.3724918365479, 30.3667621612549, 30.3724918365479, 30.3896808624268, 30.3839530944824, 30.3209266662598, 30.2464408874512, 30.2464408874512, 30.0860137939453, 30.0860137939453, 30.0917434692383, 30.0974750518799, 30.1146621704102, 30.1146621704102, 
30.1146621704102, 30.1146621704102, 30.1318511962891, 30.1547698974609, 30.1719570159912, 30.1719570159912, 30.2636299133301))),2161350552.16411,"duval"
"306","florida,escambia",list(list(c(-87.6052474975586, -87.1812591552734, -87.2213668823242, -87.255744934082, -87.2786636352539, -87.3130416870117, -87.3130416870117, -87.3073120117188, -87.3244934082031, -87.3244934082031, -87.3130416870117, -87.2958450317383, -87.2901153564453, -87.2786636352539, -87.2442779541016, -87.2270965576172, -87.1984481811523, -87.1869888305664, -87.1755294799805, -87.1812591552734, -87.1984481811523, -87.2213668823242, -87.261474609375, -87.2958450317383, -87.3073120117188, -87.3130416870117, 
-87.3187713623047, -87.3359527587891, -87.3817901611328, -87.3932571411133, -87.4047164916992, -87.4104385375977, -87.439094543457, -87.4906539916992, -87.5078430175781, -87.5135726928711, -87.5135726928711, -87.4677352905273, -87.4620056152344, -87.4620056152344, -87.4505462646484, -87.439094543457, -87.439094543457, -87.4218978881836, -87.4047164916992, -87.3932571411133, -87.3989868164062, -87.44482421875, -87.4620056152344, -87.4677352905273, -87.4620056152344, -87.4333572387695, -87.4104385375977, 
-87.4104385375977, -87.4218978881836, -87.4505462646484, -87.4620056152344, -87.4906539916992, -87.5479507446289, -87.610969543457, -87.6338958740234, -87.6396255493164, -87.6338958740234, -87.610969543457, -87.6052474975586, -87.6052474975586, 31.0084743499756, 31.0084743499756, 30.979829788208, 30.9683685302734, 30.9454498291016, 30.8938846588135, 30.8652362823486, 30.8365898132324, 30.802209854126, 30.7563762664795, 30.721996307373, 30.721996307373, 30.7048072814941, 30.6475124359131, 30.5959453582764, 
30.5730266571045, 30.5672988891602, 30.5501117706299, 30.5157318115234, 30.4870853424072, 30.4584369659424, 30.4412479400635, 30.4240608215332, 30.4011421203613, 30.4011421203613, 30.3839530944824, 30.3724918365479, 30.3724918365479, 30.3667621612549, 30.3610343933105, 30.3438453674316, 30.3381156921387, 30.3323860168457, 30.3151969909668, 30.3151969909668, 30.3266544342041, 30.3323860168457, 30.3553047180176, 30.3610343933105, 30.3896808624268, 30.4011421203613, 30.4183292388916, 30.4240608215332, 
30.4297866821289, 30.4297866821289, 30.4469795227051, 30.4584369659424, 30.4928131103516, 30.5100040435791, 30.527193069458, 30.5443801879883, 30.5844879150391, 30.6188640594482, 30.6475124359131, 30.6761589050293, 30.6990776062012, 30.7105388641357, 30.721996307373, 30.7735633850098, 30.8423175811768, 30.8595085144043, 30.8766975402832, 30.8996162414551, 30.9339923858643, 30.9569110870361, 31.0084743499756))),1665010031.0276,"escambia"
"307","florida,flagler",list(list(c(-81.199577331543, -81.1594696044922, -81.1079025268555, -81.1537399291992, -81.1594696044922, -81.4173049926758, -81.4230346679688, -81.4574127197266, -81.4803237915039, -81.4860534667969, -81.5032501220703, -81.5261611938477, -81.5261611938477, -81.3141708374023, -81.3199005126953, -81.3084411621094, -81.2912521362305, -81.2511444091797, -81.199577331543, 29.6448383331299, 29.5531635284424, 29.4328422546387, 29.4099235534668, 29.2609539031982, 29.2609539031982, 29.3927364349365, 29.3927364349365, 
29.4099235534668, 29.4557609558105, 29.4729499816895, 29.4958686828613, 29.621919631958, 29.6276454925537, 29.6448383331299, 29.6505641937256, 29.6448383331299, 29.6505641937256, 29.6448383331299))),1306690820.64075,"flagler"
"308","florida,franklin",list(list(c(-85.1701812744141, -85.1300735473633, -85.1014175415039, -85.0613098144531, -85.0383987426758, -85.0326690673828, -85.0441284179688, -85.0326690673828, -85.0383987426758, -85.0326690673828, -85.0441284179688, -85.0269317626953, -85.0212020874023, -84.8378601074219, -84.5800323486328, -84.5628433227539, -84.5341949462891, -84.5227355957031, -84.5055465698242, -84.4883575439453, -84.4768981933594, -84.4654388427734, -84.4482498168945, -84.4310607910156, -84.4081420898438, -84.3737640380859, 
-84.3508453369141, -84.3451156616211, -84.3565826416016, -84.368034362793, -84.3737640380859, -84.4138717651367, -84.4367904663086, -84.4539794921875, -84.4654388427734, -84.4826202392578, -84.4998168945312, -84.5227355957031, -84.5341949462891, -84.5628433227539, -84.6258697509766, -84.7175445556641, -84.8092193603516, -84.8550491333008, -84.8836975097656, -84.8951568603516, -84.9008865356445, -84.8951568603516, -84.8836975097656, -84.9008865356445, -84.9180755615234, -84.9467239379883, -84.9467239379883, 
-84.9639129638672, -84.9868316650391, -84.998291015625, -85.0097503662109, -85.0212020874023, -85.0613098144531, -85.1243438720703, -85.1701812744141, 29.7422389984131, 29.7823467254639, 29.7766151428223, 29.7823467254639, 29.8052654266357, 29.816722869873, 29.8396415710449, 29.8740177154541, 29.896936416626, 29.9370441436768, 29.9771499633789, 29.9943428039551, 30.0229873657227, 30.0229873657227, 30.0172576904297, 30.0058002471924, 30.0058002471924, 29.9943428039551, 29.9943428039551, 29.9943428039551, 
29.9943428039551, 29.9886112213135, 29.9886112213135, 29.9828815460205, 29.9714241027832, 29.9599628448486, 29.9485054016113, 29.9313163757324, 29.9198551177979, 29.9083976745605, 29.9083976745605, 29.9141254425049, 29.9313163757324, 29.9370441436768, 29.9370441436768, 29.9313163757324, 29.9198551177979, 29.9255867004395, 29.9255867004395, 29.9198551177979, 29.8797492980957, 29.8453712463379, 29.7995338439941, 29.7766151428223, 29.759428024292, 29.759428024292, 29.765157699585, 29.7938041687012, 
29.8052654266357, 29.816722869873, 29.816722869873, 29.8109931945801, 29.7880764007568, 29.7766151428223, 29.7766151428223, 29.765157699585, 29.7422389984131, 29.7365093231201, 29.7365093231201, 29.7422389984131, 29.7422389984131))),1208855503.31465,"franklin"
"309","florida,gadsden",list(list(c(-84.8665084838867, -84.3737640380859, -84.3107452392578, -84.3050079345703, -84.3221969604492, -84.3623046875, -84.3737640380859, -84.3909530639648, -84.4081420898438, -84.4482498168945, -84.545654296875, -84.6029510498047, -84.6373291015625, -84.6602401733398, -84.6888885498047, -84.6888885498047, -84.7175445556641, -84.723274230957, -84.7920227050781, -84.7977523803711, -84.8321304321289, -84.8321304321289, -84.8951568603516, -84.9008865356445, -84.9352569580078, -84.9066162109375, 
-84.8951568603516, -84.8779678344727, -84.8665084838867, 30.7162666320801, 30.6876201629639, 30.6876201629639, 30.6417827606201, 30.6131362915039, 30.590217590332, 30.5672988891602, 30.5329189300537, 30.4870853424072, 30.4584369659424, 30.4412479400635, 30.4125995635986, 30.4011421203613, 30.3954105377197, 30.3954105377197, 30.4183292388916, 30.4240608215332, 30.4584369659424, 30.4698944091797, 30.5157318115234, 30.5157318115234, 30.5329189300537, 30.5386505126953, 30.6074066162109, 30.6074066162109, 
30.6303253173828, 30.6589698791504, 30.6761589050293, 30.7162666320801))),1395424230.10974,"gadsden"
"310","florida,gilchrist",list(list(c(-82.6606216430664, -82.6663513183594, -82.7522964477539, -82.7580184936523, -82.8554229736328, -82.8611602783203, -82.9356384277344, -82.9642868041992, -82.9585647583008, -82.9470977783203, -82.9470977783203, -82.9470977783203, -82.9356384277344, -82.9356384277344, -82.912727355957, -82.8955307006836, -82.8840713500977, -82.8668899536133, -82.8726196289062, -82.8554229736328, -82.8439636230469, -82.8210525512695, -82.8153228759766, -82.7981262207031, -82.7866744995117, -82.7522964477539, 
-82.7522964477539, -82.7179107666016, -82.6892700195312, -82.6606216430664, 29.816722869873, 29.5703506469727, 29.5703506469727, 29.5818119049072, 29.5818119049072, 29.5932693481445, 29.5932693481445, 29.5932693481445, 29.6448383331299, 29.6792144775391, 29.7078590393066, 29.7365093231201, 29.7766151428223, 29.816722869873, 29.822452545166, 29.822452545166, 29.8396415710449, 29.8682899475098, 29.8740177154541, 29.896936416626, 29.9026679992676, 29.9083976745605, 29.9198551177979, 29.9313163757324, 
29.9255867004395, 29.8797492980957, 29.8625602722168, 29.8396415710449, 29.822452545166, 29.816722869873))),858688524.541061,"gilchrist"
"311","florida,glades",list(list(c(-80.9532089233398, -80.9360198974609, -80.9073715209961, -80.8901824951172, -80.8729934692383, -80.8901824951172, -80.918830871582, -80.9417495727539, -80.9474716186523, -80.9474716186523, -81.4459457397461, -81.4516830444336, -81.4803237915039, -81.4803237915039, -81.5719985961914, -81.5662689208984, -81.3600082397461, -81.3600082397461, -81.3370895385742, -81.3370895385742, -81.2797927856445, -81.2797927856445, -81.1709289550781, -81.1651992797852, -80.9532089233398, 27.2040348052979, 
27.1925754547119, 27.1868476867676, 27.1753883361816, 27.1524696350098, 27.1352806091309, 27.1238212585449, 27.100902557373, 26.7685890197754, 26.7571296691895, 26.7628574371338, 26.7685890197754, 26.7743167877197, 26.7628574371338, 26.7628574371338, 27.0321483612061, 27.0321483612061, 27.037878036499, 27.043607711792, 27.0321483612061, 27.0321483612061, 27.112361907959, 27.1180934906006, 27.2040348052979, 27.2040348052979))),2433085161.79745,"glades"
"312","florida,gulf",list(list(c(-85.1701812744141, -85.1930923461914, -85.2160186767578, -85.2389297485352, -85.2618560791016, -85.2962265014648, -85.3191452026367, -85.3420639038086, -85.3649826049805, -85.3821716308594, -85.3993606567383, -85.4337310791016, -85.445198059082, -85.456657409668, -85.450927734375, -85.450927734375, -85.4394683837891, -85.4280090332031, -85.4108200073242, -85.4050903320312, -85.4050903320312, -85.4108200073242, -85.4050903320312, -85.3821716308594, -85.3649826049805, -85.3477935791016, 
-85.3306045532227, -85.3248748779297, -85.3306045532227, -85.3535232543945, -85.3764419555664, -85.3936309814453, -85.3936309814453, -85.4108200073242, -85.4050903320312, -85.1300735473633, -85.1529846191406, -85.1587142944336, -85.1644439697266, -85.1529846191406, -85.1300735473633, -85.0899658203125, -85.0670394897461, -85.0441284179688, -85.0326690673828, -85.0383987426758, -85.0326690673828, -85.0441284179688, -85.0326690673828, -85.0383987426758, -85.0613098144531, -85.1014175415039, -85.1300735473633, 
-85.1701812744141, 29.7422389984131, 29.7422389984131, 29.7250518798828, 29.7078590393066, 29.7078590393066, 29.7078590393066, 29.7078590393066, 29.6964015960693, 29.684944152832, 29.684944152832, 29.6906719207764, 29.7365093231201, 29.7823467254639, 29.816722869873, 29.8453712463379, 29.8682899475098, 29.8797492980957, 29.896936416626, 29.9026679992676, 29.9026679992676, 29.822452545166, 29.7880764007568, 29.7479705810547, 29.7193202972412, 29.7078590393066, 29.7250518798828, 29.759428024292, 29.7995338439941, 
29.8453712463379, 29.8797492980957, 29.9026679992676, 29.9370441436768, 29.9542350769043, 29.9656925201416, 30.217794418335, 30.212064743042, 30.1719570159912, 30.1261196136475, 30.0974750518799, 30.0802822113037, 30.0516376495361, 30.0172576904297, 30.0058002471924, 29.9771499633789, 29.9370441436768, 29.896936416626, 29.8740177154541, 29.8396415710449, 29.816722869873, 29.8052654266357, 29.7823467254639, 29.7766151428223, 29.7823467254639, 29.7422389984131))),1602078499.29743,"gulf"
"313","florida,hamilton",list(list(c(-83.1247100830078, -82.7064590454102, -82.7236480712891, -82.7064590454102, -82.6377029418945, -82.6377029418945, -82.6720733642578, -82.7064590454102, -82.735107421875, -82.7580184936523, -82.7924041748047, -82.8726196289062, -82.8898010253906, -82.9012603759766, -82.9184494018555, -82.9299087524414, -82.9299087524414, -82.9642868041992, -83.010124206543, -83.0445022583008, -83.0674209594727, -83.0960693359375, -83.1247100830078, -83.1590957641602, -83.193473815918, -83.2106552124023, 
-83.2163848876953, -83.2221221923828, -83.2221221923828, -83.2393112182617, -83.2450408935547, -83.2851486206055, -83.1247100830078, 30.6188640594482, 30.590217590332, 30.5386505126953, 30.4985427856445, 30.4125995635986, 30.3782234191895, 30.3438453674316, 30.3209266662598, 30.3037395477295, 30.3037395477295, 30.3094673156738, 30.3610343933105, 30.3782234191895, 30.3839530944824, 30.3839530944824, 30.3839530944824, 30.3954105377197, 30.4125995635986, 30.4240608215332, 30.4240608215332, 30.4297866821289, 
30.4297866821289, 30.4183292388916, 30.3896808624268, 30.4183292388916, 30.4412479400635, 30.4698944091797, 30.4870853424072, 30.5100040435791, 30.5615692138672, 30.590217590332, 30.6303253173828, 30.6188640594482))),1334259767.17772,"hamilton"
"314","florida,hardee",list(list(c(-82.0590133666992, -82.0590133666992, -81.5662689208984, -81.5605392456055, -82.0590133666992, 27.3358173370361, 27.6452121734619, 27.6452121734619, 27.3358173370361, 27.3358173370361))),1679116446.73038,"hardee"
"315","florida,hendry",list(list(c(-80.8787231445312, -80.8844528198242, -81.2912521362305, -81.2855224609375, -81.5719985961914, -81.5719985961914, -81.4803237915039, -81.4803237915039, -81.4516830444336, -81.4459457397461, -80.9474716186523, -80.9474716186523, -80.8844528198242, -80.8787231445312, -80.8787231445312, 26.3331394195557, 26.2471961975098, 26.2529258728027, 26.5107574462891, 26.5107574462891, 26.7628574371338, 26.7628574371338, 26.7743167877197, 26.7685890197754, 26.7628574371338, 26.7571296691895, 26.7685890197754, 
26.7456703186035, 26.7342109680176, 26.3331394195557))),3088496737.92026,"hendry"
"316","florida,hernando",list(list(c(-82.2710113525391, -82.282470703125, -82.2710113525391, -82.2538223266602, -82.2366333007812, -82.2309036254883, -82.1965255737305, -82.1621475219727, -82.1105804443359, -82.0876617431641, -82.0590133666992, -82.0590133666992, -82.2595520019531, -82.2652740478516, -82.6835403442383, -82.6778106689453, -82.6892700195312, -82.6778106689453, -82.6663513183594, -82.6606216430664, -82.6606216430664, -82.6720733642578, -82.6720733642578, -82.6663513183594, -82.6548919677734, -82.6377029418945, 
-82.4257049560547, -82.4257049560547, -82.2710113525391, 28.6650772094727, 28.6478900909424, 28.6249713897705, 28.6077823638916, 28.5905952453613, 28.5734043121338, 28.5619449615479, 28.5562171936035, 28.5275688171387, 28.5218391418457, 28.5275688171387, 28.4760036468506, 28.4760036468506, 28.4416255950928, 28.4416255950928, 28.458812713623, 28.4760036468506, 28.5161094665527, 28.5275688171387, 28.5504856109619, 28.5848636627197, 28.6192417144775, 28.6421604156494, 28.6593475341797, 28.6708087921143, 
28.6994533538818, 28.6937274932861, 28.6708087921143, 28.6650772094727))),1237409298.99036,"hernando"
"317","florida,highlands",list(list(c(-81.1308212280273, -81.1422882080078, -81.1594696044922, -81.1766586303711, -81.1823959350586, -81.1766586303711, -81.1881256103516, -81.1823959350586, -81.1136322021484, -81.0276870727539, -81.0219650268555, -81.0047760009766, -80.9933090209961, -80.9875793457031, -80.9646682739258, -80.9532089233398, -81.1651992797852, -81.1709289550781, -81.2797927856445, -81.2797927856445, -81.3370895385742, -81.3370895385742, -81.3600082397461, -81.3600082397461, -81.5662689208984, -81.5605392456055, 
-81.5662689208984, -81.1308212280273, 27.6452121734619, 27.564998626709, 27.564998626709, 27.564998626709, 27.5420799255371, 27.5306224822998, 27.496244430542, 27.4733257293701, 27.4103012084961, 27.353006362915, 27.3128986358643, 27.2899799346924, 27.2498722076416, 27.2441425323486, 27.2384128570557, 27.2040348052979, 27.2040348052979, 27.1180934906006, 27.112361907959, 27.0321483612061, 27.0321483612061, 27.043607711792, 27.037878036499, 27.0321483612061, 27.0321483612061, 27.3358173370361, 27.6452121734619, 
27.6452121734619))),2920816937.94589,"highlands"
"318","florida,hillsborough",list(list(c(-82.6548919677734, -82.104850769043, -82.0590133666992, -82.0590133666992, -82.5632171630859, -82.5632171630859, -82.557487487793, -82.5402984619141, -82.5173797607422, -82.5001983642578, -82.4772720336914, -82.4715423583984, -82.4772720336914, -82.4772720336914, -82.4658126831055, -82.4314346313477, -82.3855972290039, -82.3913269042969, -82.3970565795898, -82.4085235595703, -82.4142532348633, -82.4085235595703, -82.4314346313477, -82.4371643066406, -82.4486236572266, -82.460090637207, 
-82.4658126831055, -82.4830017089844, -82.4772720336914, -82.4830017089844, -82.4944610595703, -82.5116500854492, -82.5231094360352, -82.5402984619141, -82.5402984619141, -82.5402984619141, -82.5402984619141, -82.5632171630859, -82.6033248901367, -82.6205139160156, -82.6377029418945, -82.6548919677734, -82.6548919677734, 28.1666049957275, 28.1723346710205, 28.1666049957275, 27.6452121734619, 27.6452121734619, 27.6566715240479, 27.6681308746338, 27.6738624572754, 27.6853218078613, 27.7025089263916, 
27.7139682769775, 27.7254276275635, 27.7483444213867, 27.7598037719727, 27.7712631225586, 27.7827224731445, 27.8457489013672, 27.8629379272461, 27.874397277832, 27.885856628418, 27.9145030975342, 27.943151473999, 27.948881149292, 27.9603404998779, 27.9603404998779, 27.954610824585, 27.9316940307617, 27.9087753295898, 27.8686676025391, 27.8514785766602, 27.8400192260742, 27.8457489013672, 27.8514785766602, 27.874397277832, 27.8973159790039, 27.9316940307617, 27.9603404998779, 27.9775295257568, 27.9889888763428, 
28.006175994873, 28.017635345459, 28.0119075775146, 28.1666049957275))),2737727344.79217,"hillsborough"
"319","florida,holmes",list(list(c(-85.8691864013672, -86.0467987060547, -86.0467987060547, -85.5196762084961, -85.5597839355469, -85.5655136108398, -85.5827102661133, -85.6113510131836, -85.6228179931641, -85.6056213378906, -85.6399993896484, -85.7431335449219, -85.7488632202148, -85.7603225708008, -85.7717819213867, -85.8462677001953, -85.8519973754883, -85.8519973754883, -85.8634567260742, -85.8691864013672, 30.721996307373, 30.727725982666, 31.0084743499756, 31.0084743499756, 30.9569110870361, 30.9339923858643, 30.9225311279297, 
30.8652362823486, 30.8480472564697, 30.8480472564697, 30.7621040344238, 30.7621040344238, 30.7907524108887, 30.7964820861816, 30.8079414367676, 30.802209854126, 30.7907524108887, 30.7678337097168, 30.7449150085449, 30.721996307373))),1217912335.59151,"holmes"
"320","florida,indian river",list(list(c(-80.6724548339844, -80.7698593139648, -80.7755966186523, -80.8672637939453, -80.8672637939453, -80.8844528198242, -80.8787231445312, -80.8729934692383, -80.5120315551758, -80.477653503418, -80.4432754516602, -80.4146270751953, -80.3802490234375, -80.3573303222656, -80.3344116210938, -80.6724548339844, 27.553539276123, 27.5592708587646, 27.6394844055176, 27.6394844055176, 27.7196979522705, 27.7254276275635, 27.8056411743164, 27.8113708496094, 27.8056411743164, 27.8514785766602, 27.7941818237305, 
27.7196979522705, 27.6509437561035, 27.6108360290527, 27.5478115081787, 27.553539276123))),1265771558.40845,"indian river"
"321","florida,jackson",list(list(c(-85.5196762084961, -85.4967651367188, -85.0154800415039, -84.998291015625, -84.9753723144531, -84.9467239379883, -84.9409942626953, -84.9467239379883, -84.9409942626953, -84.9066162109375, -84.8779678344727, -84.8665084838867, -84.8779678344727, -84.8951568603516, -84.9066162109375, -84.9352569580078, -84.9352569580078, -85.181640625, -85.1930923461914, -85.3993606567383, -85.450927734375, -85.450927734375, -85.5024948120117, -85.5024948120117, -85.6056213378906, -85.6228179931641, -85.6113510131836, 
-85.5827102661133, -85.5655136108398, -85.5597839355469, -85.5196762084961, 31.0084743499756, 31.0084743499756, 30.9970169067383, 30.9626407623291, 30.9225311279297, 30.8996162414551, 30.8881549835205, 30.8595085144043, 30.7850227355957, 30.7449150085449, 30.727725982666, 30.7162666320801, 30.6761589050293, 30.6589698791504, 30.6303253173828, 30.6074066162109, 30.6074066162109, 30.6074066162109, 30.5730266571045, 30.5730266571045, 30.5730266571045, 30.802209854126, 30.8079414367676, 30.8480472564697, 
30.8480472564697, 30.8480472564697, 30.8652362823486, 30.9225311279297, 30.9339923858643, 30.9569110870361, 31.0084743499756))),2490699479.60318,"jackson"
"322","florida,jefferson",list(list(c(-83.7606964111328, -83.5945434570312, -83.5888137817383, -83.6060028076172, -83.6174621582031, -83.6690216064453, -83.7205963134766, -83.7205963134766, -83.7205963134766, -83.7435073852539, -83.7664337158203, -83.7893447875977, -83.7950744628906, -83.7836151123047, -83.7950744628906, -83.8122711181641, -83.8466415405273, -83.8810195922852, -83.90966796875, -83.915397644043, -83.9383163452148, -83.9555053710938, -83.9669647216797, -83.9726943969727, -83.9841537475586, -84.0299835205078, 
-84.0758209228516, -84.0758209228516, -84.0700988769531, -84.0299835205078, -84.0299835205078, -84.0070724487305, -83.9841537475586, -83.9612350463867, -84.0070724487305, -84.0128021240234, -83.7606964111328, 30.6589698791504, 30.6475124359131, 30.6188640594482, 30.5672988891602, 30.5501117706299, 30.5443801879883, 30.5329189300537, 30.4928131103516, 30.4584369659424, 30.4011421203613, 30.3896808624268, 30.3782234191895, 30.3553047180176, 30.3323860168457, 30.3209266662598, 30.3037395477295, 30.275089263916, 
30.269359588623, 30.2407131195068, 30.2063331604004, 30.1891460418701, 30.1834144592285, 30.1604995727539, 30.137580871582, 30.1032009124756, 30.1146621704102, 30.1089324951172, 30.275089263916, 30.4412479400635, 30.4469795227051, 30.527193069458, 30.5157318115234, 30.5157318115234, 30.5501117706299, 30.6131362915039, 30.670431137085, 30.6589698791504))),1573243633.68777,"jefferson"
"323","florida,lafayette",list(list(c(-83.37109375, -83.2393112182617, -83.2393112182617, -83.2335815429688, -83.2335815429688, -83.2393112182617, -83.2106552124023, -83.2106552124023, -83.1992034912109, -83.182014465332, -83.1247100830078, -83.0674209594727, -82.9986724853516, -82.9642868041992, -82.9413681030273, -82.9184494018555, -82.912727355957, -82.912727355957, -82.9069976806641, -82.8726196289062, -82.8668899536133, -82.8840713500977, -82.8955307006836, -82.912727355957, -82.9356384277344, -83.3137969970703, -83.365364074707, 
-83.365364074707, -83.3768157958984, -83.37109375, 30.2579021453857, 30.2579021453857, 30.2464408874512, 30.2235221862793, 30.1948757171631, 30.1719570159912, 30.137580871582, 30.1089324951172, 30.0974750518799, 30.0974750518799, 30.0974750518799, 30.074556350708, 30.0229873657227, 29.9771499633789, 29.9599628448486, 29.9485054016113, 29.9198551177979, 29.9083976745605, 29.8912086486816, 29.8740177154541, 29.8682899475098, 29.8396415710449, 29.822452545166, 29.822452545166, 29.816722869873, 29.822452545166, 
29.822452545166, 29.9083976745605, 29.9083976745605, 30.2579021453857))),1481104672.56151,"lafayette"
"324","florida,lake",list(list(c(-81.6350326538086, -81.6178359985352, -81.6006546020508, -81.5949249267578, -81.5719985961914, -81.5605392456055, -81.5490875244141, -81.5204315185547, -81.4860534667969, -81.4746017456055, -81.4631423950195, -81.4459457397461, -81.4344940185547, -81.4058456420898, -81.3657379150391, -81.3542709350586, -81.3485488891602, -81.3370895385742, -81.3428192138672, -81.3657379150391, -81.3886566162109, -81.3943862915039, -81.3943862915039, -81.6350326538086, -81.6407623291016, -81.6121063232422, 
-81.6006546020508, -81.6178359985352, -81.6407623291016, -81.6407623291016, -81.7897262573242, -81.7954559326172, -81.8642120361328, -81.8642120361328, -81.9501495361328, -81.9444198608398, -81.6636734008789, -81.6579437255859, -81.652214050293, -81.6407623291016, -81.6350326538086, 29.2552242279053, 29.2151165008545, 29.2036590576172, 29.1979274749756, 29.1979274749756, 29.1864700317383, 29.1750087738037, 29.1463642120361, 29.0947952270508, 29.0833377838135, 29.0833377838135, 29.0604190826416, 29.0375003814697, 
29.0145816802979, 29.0088520050049, 28.9572868347168, 28.9229106903076, 28.911449432373, 28.859884262085, 28.8426971435547, 28.8312358856201, 28.8140468597412, 28.7739410400391, 28.7739410400391, 28.6650772094727, 28.6421604156494, 28.6192417144775, 28.5905952453613, 28.5504856109619, 28.338493347168, 28.3442230224609, 28.3499526977539, 28.3556804656982, 28.338493347168, 28.338493347168, 28.9515571594238, 28.9458293914795, 28.9515571594238, 29.0432319641113, 29.0432319641113, 29.2552242279053))),3084796608.85198,"lake"
"325","florida,lee",list(list(c(-82.0819320678711, -81.5719985961914, -81.5719985961914, -81.5719985961914, -81.6694030761719, -81.6694030761719, -81.8183746337891, -81.8183746337891, -81.8527450561523, -81.8527450561523, -81.8527450561523, -81.8756713867188, -81.8756713867188, -81.8756713867188, -81.8871307373047, -81.9157791137695, -81.9329605102539, -81.9673461914062, -81.9902572631836, -82.007453918457, -82.007453918457, -81.9845275878906, -81.9902572631836, -82.0189056396484, -82.0475616455078, -82.0590133666992, 
-82.0647430419922, -82.0647430419922, -82.0762023925781, -82.0933990478516, -82.09912109375, -82.0933990478516, -82.0819320678711, 26.7628574371338, 26.7628574371338, 26.5107574462891, 26.4305419921875, 26.4248142242432, 26.3159523010254, 26.3159523010254, 26.3331394195557, 26.3274116516113, 26.3732471466064, 26.3961658477783, 26.4133548736572, 26.4305419921875, 26.4534606933594, 26.4534606933594, 26.4420013427734, 26.447732925415, 26.4878387451172, 26.4878387451172, 26.5107574462891, 26.522216796875, 
26.5394058227539, 26.5508651733398, 26.5508651733398, 26.5508651733398, 26.5623245239258, 26.585241317749, 26.6253490447998, 26.648265838623, 26.6654567718506, 26.6883735656738, 26.7342109680176, 26.7628574371338))),1944994241.43871,"lee"
"326","florida,leon",list(list(c(-84.087287902832, -84.0128021240234, -84.0070724487305, -83.9612350463867, -83.9841537475586, -84.0070724487305, -84.0299835205078, -84.0299835205078, -84.0700988769531, -84.0758209228516, -84.2477111816406, -84.2477111816406, -84.7175445556641, -84.7118072509766, -84.6946182250977, -84.6717071533203, -84.6602401733398, -84.6373291015625, -84.6029510498047, -84.545654296875, -84.4482498168945, -84.4081420898438, -84.3909530639648, -84.3737640380859, -84.3623046875, -84.3221969604492, 
-84.3050079345703, -84.3107452392578, -84.087287902832, 30.6761589050293, 30.670431137085, 30.6131362915039, 30.5501117706299, 30.5157318115234, 30.5157318115234, 30.527193069458, 30.4469795227051, 30.4412479400635, 30.275089263916, 30.275089263916, 30.3094673156738, 30.3037395477295, 30.3266544342041, 30.3553047180176, 30.3724918365479, 30.3954105377197, 30.4011421203613, 30.4125995635986, 30.4412479400635, 30.4584369659424, 30.4870853424072, 30.5329189300537, 30.5672988891602, 30.590217590332, 
30.6131362915039, 30.6417827606201, 30.6876201629639, 30.6761589050293))),1834813696.83859,"leon"
"327","florida,levy",list(list(c(-82.9356384277344, -82.8611602783203, -82.8554229736328, -82.7580184936523, -82.7522964477539, -82.6663513183594, -82.6606216430664, -82.5632171630859, -82.5632171630859, -82.4085235595703, -82.4085235595703, -82.5231094360352, -82.5231094360352, -82.5746765136719, -82.5861358642578, -82.6033248901367, -82.6205139160156, -82.6663513183594, -82.6892700195312, -82.7064590454102, -82.735107421875, -82.7465667724609, -82.740837097168, -82.740837097168, -82.7465667724609, -82.7580184936523, 
-82.7924041748047, -82.8038558959961, -82.8095855712891, -82.8038558959961, -82.7981262207031, -82.8095855712891, -82.8496932983398, -82.8840713500977, -82.9757461547852, -83.010124206543, -83.0445022583008, -83.0674209594727, -83.0731506347656, -83.0731506347656, -83.0674209594727, -83.0903396606445, -83.1189880371094, -83.1419067382812, -83.1533660888672, -83.1304473876953, -83.1075286865234, -83.0960693359375, -83.0788803100586, -83.0674209594727, -83.0616912841797, -83.0387725830078, -83.0158538818359, 
-83.010124206543, -82.9872055053711, -82.9700164794922, -82.9700164794922, -82.9642868041992, -82.9413681030273, -82.9356384277344, 29.5932693481445, 29.5932693481445, 29.5818119049072, 29.5818119049072, 29.5703506469727, 29.5703506469727, 29.5474319458008, 29.5359745025635, 29.4901371002197, 29.4786796569824, 29.2208461761475, 29.2151165008545, 29.0432319641113, 29.0317707061768, 29.0260429382324, 29.0145816802979, 29.0145816802979, 29.0317707061768, 29.0317707061768, 29.0260429382324, 29.0088520050049, 
29.0317707061768, 29.0546894073486, 29.0661506652832, 29.0718765258789, 29.0833377838135, 29.0890693664551, 29.0947952270508, 29.1177139282227, 29.1406326293945, 29.1520938873291, 29.169282913208, 29.1750087738037, 29.1750087738037, 29.1864700317383, 29.1864700317383, 29.1979274749756, 29.2093887329102, 29.2265777587891, 29.2437648773193, 29.2609539031982, 29.2896022796631, 29.2953338623047, 29.2953338623047, 29.306791305542, 29.3182487487793, 29.3182487487793, 29.3297100067139, 29.3297100067139, 
29.3411674499512, 29.381275177002, 29.3927364349365, 29.4099235534668, 29.4328422546387, 29.4672183990479, 29.4901371002197, 29.5302448272705, 29.5531635284424, 29.5760822296143, 29.5932693481445))),2873996888.06538,"levy"
"328","florida,liberty",list(list(c(-84.9352569580078, -84.9352569580078, -84.9008865356445, -84.8951568603516, -84.8321304321289, -84.8321304321289, -84.7977523803711, -84.7920227050781, -84.723274230957, -84.7175445556641, -84.6888885498047, -84.6888885498047, -84.6602401733398, -84.6717071533203, -84.6946182250977, -84.7118072509766, -84.7175445556641, -84.723274230957, -84.7175445556641, -84.6888885498047, -84.6602401733398, -84.6430587768555, -84.5972213745117, -84.5800323486328, -84.8378601074219, -85.0212020874023, 
-85.0269317626953, -85.0441284179688, -85.0670394897461, -85.0899658203125, -85.1300735473633, -85.1529846191406, -85.1644439697266, -85.1587142944336, -85.1529846191406, -85.1300735473633, -85.0899658203125, -85.0842361450195, -85.0613098144531, -85.0613098144531, -85.0441284179688, -85.0326690673828, -85.0441284179688, -85.0555877685547, -85.0555877685547, -85.0269317626953, -85.0097503662109, -85.0154800415039, -85.004020690918, -84.9868316650391, -84.9467239379883, -84.9352569580078, 30.6074066162109, 
30.6074066162109, 30.6074066162109, 30.5386505126953, 30.5329189300537, 30.5157318115234, 30.5157318115234, 30.4698944091797, 30.4584369659424, 30.4240608215332, 30.4183292388916, 30.3954105377197, 30.3954105377197, 30.3724918365479, 30.3553047180176, 30.3266544342041, 30.3037395477295, 30.286548614502, 30.2579021453857, 30.1891460418701, 30.1146621704102, 30.0802822113037, 30.0516376495361, 30.0172576904297, 30.0229873657227, 30.0229873657227, 29.9943428039551, 29.9771499633789, 30.0058002471924, 
30.0172576904297, 30.0516376495361, 30.0802822113037, 30.0974750518799, 30.1261196136475, 30.1719570159912, 30.212064743042, 30.2521705627441, 30.286548614502, 30.3151969909668, 30.3724918365479, 30.3839530944824, 30.4011421203613, 30.4011421203613, 30.4011421203613, 30.4240608215332, 30.4412479400635, 30.4584369659424, 30.4756240844727, 30.527193069458, 30.5730266571045, 30.5959453582764, 30.6074066162109))),2209257371.12347,"liberty"
"329","florida,madison",list(list(c(-83.2393112182617, -83.37109375, -83.4684906005859, -83.4684906005859, -83.8122711181641, -83.7950744628906, -83.7836151123047, -83.7950744628906, -83.7893447875977, -83.7664337158203, -83.7435073852539, -83.7205963134766, -83.7205963134766, -83.7205963134766, -83.6690216064453, -83.6174621582031, -83.6060028076172, -83.5888137817383, -83.5945434570312, -83.3825454711914, -83.2851486206055, -83.2450408935547, -83.2393112182617, -83.2221221923828, -83.2221221923828, -83.2163848876953, 
-83.2106552124023, -83.193473815918, -83.1590957641602, -83.187744140625, -83.1992034912109, -83.2049331665039, -83.2163848876953, -83.2393112182617, 30.2579021453857, 30.2579021453857, 30.2579021453857, 30.3037395477295, 30.3037395477295, 30.3209266662598, 30.3323860168457, 30.3553047180176, 30.3782234191895, 30.3896808624268, 30.4011421203613, 30.4584369659424, 30.4928131103516, 30.5329189300537, 30.5443801879883, 30.5501117706299, 30.5672988891602, 30.6188640594482, 30.6475124359131, 30.6303253173828, 
30.6303253173828, 30.590217590332, 30.5615692138672, 30.5100040435791, 30.4870853424072, 30.4698944091797, 30.4412479400635, 30.4183292388916, 30.3896808624268, 30.3610343933105, 30.3209266662598, 30.3094673156738, 30.286548614502, 30.2579021453857))),1860778001.91233,"madison"
"330","florida,manatee",list(list(c(-82.2137145996094, -82.2710113525391, -82.276741027832, -82.4314346313477, -82.4371643066406, -82.5632171630859, -82.5689468383789, -82.6033248901367, -82.6262435913086, -82.6720733642578, -82.6778106689453, -82.6663513183594, -82.6606216430664, -82.6548919677734, -82.6319732666016, -82.5861358642578, -82.5804061889648, -82.5861358642578, -82.5918655395508, -82.5975952148438, -82.5918655395508, -82.5689468383789, -82.5632171630859, -82.0590133666992, -82.0590133666992, -82.0590133666992, 
-82.1564178466797, -82.1564178466797, -82.2137145996094, 27.1983070373535, 27.2097663879395, 27.3816528320312, 27.3816528320312, 27.3873825073242, 27.3873825073242, 27.4103012084961, 27.433219909668, 27.4504070281982, 27.4618663787842, 27.4733257293701, 27.5134334564209, 27.5306224822998, 27.5306224822998, 27.5306224822998, 27.5248928070068, 27.5363521575928, 27.5764579772949, 27.5821895599365, 27.5936470031738, 27.6051063537598, 27.6222953796387, 27.6452121734619, 27.6452121734619, 27.3358173370361, 
27.2498722076416, 27.2441425323486, 27.2040348052979, 27.1983070373535))),1951476069.45601,"manatee"
"331","florida,marion",list(list(c(-81.6636734008789, -81.6751327514648, -81.6751327514648, -81.646484375, -81.6350326538086, -81.6407623291016, -81.652214050293, -81.6579437255859, -81.6636734008789, -81.9444198608398, -82.2939300537109, -82.3225784301758, -82.4257049560547, -82.4658126831055, -82.5059280395508, -82.5231094360352, -82.5231094360352, -82.4085235595703, -82.4085235595703, -82.2137145996094, -82.1907958984375, -82.1907958984375, -82.2022552490234, -82.2137145996094, -82.1965255737305, -82.1736068725586, 
-82.1277694702148, -82.104850769043, -82.0876617431641, -82.0762023925781, -82.0475616455078, -82.0475616455078, -82.0303649902344, -82.0189056396484, -81.835563659668, -81.835563659668, -81.7839965820312, -81.7839965820312, -81.7496185302734, -81.7496185302734, -81.6808700561523, -81.6579437255859, -81.6636734008789, 29.3297100067139, 29.3239803314209, 29.306791305542, 29.2838726043701, 29.2552242279053, 29.0432319641113, 29.0432319641113, 28.9515571594238, 28.9458293914795, 28.9515571594238, 28.9515571594238, 
28.9744758605957, 29.0145816802979, 29.0432319641113, 29.0489616394043, 29.0432319641113, 29.2151165008545, 29.2208461761475, 29.4786796569824, 29.4786796569824, 29.4672183990479, 29.4557609558105, 29.4614887237549, 29.4500312805176, 29.4213809967041, 29.4213809967041, 29.4328422546387, 29.4328422546387, 29.4213809967041, 29.4328422546387, 29.444299697876, 29.4557609558105, 29.4672183990479, 29.4958686828613, 29.5130558013916, 29.4786796569824, 29.4786796569824, 29.4213809967041, 29.4213809967041, 
29.364086151123, 29.364086151123, 29.3411674499512, 29.3297100067139))),4335518084.83057,"marion"
"332","florida,martin",list(list(c(-80.2140884399414, -80.196907043457, -80.2083587646484, -80.2083587646484, -80.1797103881836, -80.1510696411133, -80.1338729858398, -80.1166915893555, -80.0937728881836, -80.0823059082031, -80.1510696411133, -80.1510696411133, -80.6094360351562, -80.6151580810547, -80.6266174316406, -80.6552658081055, -80.649543762207, -80.6552658081055, -80.6781845092773, -80.6724548339844, -80.28857421875, -80.28857421875, -80.2140884399414, 27.2556018829346, 27.1983070373535, 27.1696586608887, 27.1524696350098, 
27.1410102844238, 27.1352806091309, 27.1180934906006, 27.0779857635498, 27.0149612426758, 26.9576644897461, 26.9576644897461, 26.9462051391602, 26.9462051391602, 26.969123840332, 27.0092296600342, 27.0550670623779, 27.0779857635498, 27.100902557373, 27.1352806091309, 27.2040348052979, 27.2040348052979, 27.2556018829346, 27.2556018829346))),1508020019.73021,"martin"
"333","florida,monroe",list(list(c(-81.382926940918, -80.8901824951172, -80.8959121704102, -80.9474716186523, -80.9646682739258, -80.9933090209961, -81.0448837280273, -81.0849838256836, -81.1079025268555, -81.1308212280273, -81.1651992797852, -81.1766586303711, -81.1823959350586, -81.1766586303711, -81.1651992797852, -81.1422882080078, -81.1193618774414, -81.102180480957, -81.0792541503906, -81.0506134033203, -81.0219650268555, -80.9933090209961, -80.9589385986328, -80.9360198974609, -80.924560546875, -80.930290222168, 
-80.924560546875, -80.918830871582, -80.918830871582, -80.930290222168, -80.9646682739258, -80.9818572998047, -80.9875793457031, -80.9990463256836, -81.0162353515625, -81.0219650268555, -81.0620727539062, -81.0735244750977, -81.102180480957, -81.1136322021484, -81.1537399291992, -81.1709289550781, -81.1766586303711, -81.19384765625, -81.2167663574219, -81.2224960327148, -81.2110366821289, -81.2167663574219, -81.2454147338867, -81.2511444091797, -81.2855224609375, -81.3141708374023, -81.3313598632812, 
-81.3600082397461, -81.382926940918, 25.8002891540527, 25.7945594787598, 25.1814956665039, 25.1471176147461, 25.1413879394531, 25.1356582641602, 25.1413879394531, 25.1299285888672, 25.1356582641602, 25.158576965332, 25.2044143676758, 25.238790512085, 25.2674388885498, 25.301815032959, 25.3190059661865, 25.3247337341309, 25.3190059661865, 25.301815032959, 25.2731685638428, 25.2445201873779, 25.233060836792, 25.2216014862061, 25.233060836792, 25.2445201873779, 25.2559795379639, 25.2788963317871, 25.2960872650146, 
25.3132743835449, 25.3247337341309, 25.3304634094238, 25.3247337341309, 25.3247337341309, 25.3304634094238, 25.3533821105957, 25.3591117858887, 25.3591117858887, 25.3820304870605, 25.3820304870605, 25.3763008117676, 25.3820304870605, 25.3992195129395, 25.4221363067627, 25.4737033843994, 25.4908924102783, 25.5138111114502, 25.5252685546875, 25.5481872558594, 25.5596466064453, 25.5711059570312, 25.5882949829102, 25.6570510864258, 25.685697555542, 25.7028865814209, 25.7659111022949, 25.8002891540527
))),2132253664.25757,"monroe"
"334","florida,nassau",list(list(c(-81.554817199707, -81.5376205444336, -81.5261611938477, -81.5089797973633, -81.5032501220703, -81.4803237915039, -81.4631423950195, -81.4516830444336, -81.4516830444336, -81.4631423950195, -81.4688720703125, -81.4746017456055, -81.4574127197266, -81.4574127197266, -81.4516830444336, -81.5032501220703, -81.5089797973633, -81.5318908691406, -81.5490875244141, -81.5662689208984, -81.5834579467773, -81.6006546020508, -81.6006546020508, -81.6006546020508, -81.6121063232422, -81.6407623291016, 
-81.6579437255859, -81.6808700561523, -81.7095108032227, -81.7209701538086, -81.7438888549805, -82.0418243408203, -82.0475616455078, -82.0475616455078, -82.0360946655273, -82.0303649902344, -82.0246353149414, -82.0303649902344, -82.0475616455078, -82.0532913208008, -82.0532913208008, -82.0475616455078, -82.0246353149414, -82.0246353149414, -82.0131759643555, -81.9845275878906, -81.9730682373047, -81.9616165161133, -81.9444198608398, -81.9272384643555, -81.8928527832031, -81.8756713867188, -81.835563659668, 
-81.8011856079102, -81.7725372314453, -81.7496185302734, -81.7324295043945, -81.6923217773438, -81.6694030761719, -81.652214050293, -81.6350326538086, -81.6006546020508, -81.554817199707, 30.7162666320801, 30.6876201629639, 30.6876201629639, 30.6761589050293, 30.670431137085, 30.6761589050293, 30.6818885803223, 30.6818885803223, 30.670431137085, 30.6417827606201, 30.6188640594482, 30.5959453582764, 30.5672988891602, 30.5558376312256, 30.5329189300537, 30.5329189300537, 30.5157318115234, 30.5157318115234, 
30.5329189300537, 30.5386505126953, 30.5501117706299, 30.5501117706299, 30.5558376312256, 30.5730266571045, 30.5730266571045, 30.5672988891602, 30.5501117706299, 30.5558376312256, 30.5615692138672, 30.5386505126953, 30.5100040435791, 30.2636299133301, 30.3610343933105, 30.3839530944824, 30.4412479400635, 30.5157318115234, 30.5558376312256, 30.5844879150391, 30.6188640594482, 30.7048072814941, 30.7334575653076, 30.7506446838379, 30.7678337097168, 30.7907524108887, 30.7964820861816, 30.7907524108887, 
30.7964820861816, 30.8079414367676, 30.8251285552979, 30.8251285552979, 30.8308601379395, 30.8079414367676, 30.7907524108887, 30.7907524108887, 30.7678337097168, 30.7735633850098, 30.7621040344238, 30.7334575653076, 30.7449150085449, 30.7449150085449, 30.727725982666, 30.721996307373, 30.7162666320801))),1822247965.19734,"nassau"
"335","florida,okaloosa",list(list(c(-86.7973709106445, -86.705696105957, -86.3905715942383, -86.3963088989258, -86.4020385742188, -86.4249496459961, -86.4421463012695, -86.4536056518555, -86.4650573730469, -86.4707870483398, -86.4822463989258, -86.5051651000977, -86.5108947753906, -86.5051651000977, -86.5108947753906, -86.5280838012695, -86.5567321777344, -86.5681915283203, -86.5853805541992, -86.6082992553711, -86.62548828125, -86.6770553588867, -86.7572708129883, -86.803108215332, -86.7973709106445, -86.7973709106445, 
31.0084743499756, 31.0084743499756, 31.0084743499756, 30.7506446838379, 30.4928131103516, 30.4928131103516, 30.4928131103516, 30.5042743682861, 30.5157318115234, 30.5329189300537, 30.5329189300537, 30.5329189300537, 30.5157318115234, 30.5042743682861, 30.4870853424072, 30.4813556671143, 30.4870853424072, 30.4813556671143, 30.4584369659424, 30.4584369659424, 30.4469795227051, 30.4469795227051, 30.4469795227051, 30.4469795227051, 30.7735633850098, 31.0084743499756)), list(c(-86.4020385742188, -86.4020385742188, 
-86.436408996582, -86.4765167236328, -86.4937133789062, -86.5108947753906, -86.5108947753906, -86.5051651000977, -86.4765167236328, -86.4306793212891, -86.4020385742188, 30.4469795227051, 30.4011421203613, 30.4125995635986, 30.4183292388916, 30.4183292388916, 30.4297866821289, 30.4469795227051, 30.4469795227051, 30.4469795227051, 30.4412479400635, 30.4469795227051))),2329477999.20904,"okaloosa"
"336","florida,okeechobee",list(list(c(-81.1308212280273, -80.8672637939453, -80.7755966186523, -80.7698593139648, -80.6724548339844, -80.6724548339844, -80.6781845092773, -80.7755966186523, -80.7927780151367, -80.8386154174805, -80.8500747680664, -80.8615341186523, -80.8615341186523, -80.8729934692383, -80.8901824951172, -80.9073715209961, -80.9360198974609, -80.9532089233398, -80.9646682739258, -80.9875793457031, -80.9933090209961, -81.0047760009766, -81.0219650268555, -81.0276870727539, -81.1136322021484, -81.1823959350586, 
-81.1881256103516, -81.1766586303711, -81.1823959350586, -81.1766586303711, -81.1594696044922, -81.1422882080078, -81.1308212280273, 27.6452121734619, 27.6394844055176, 27.6394844055176, 27.5592708587646, 27.553539276123, 27.2040348052979, 27.1352806091309, 27.2040348052979, 27.2154941558838, 27.2040348052979, 27.2040348052979, 27.2154941558838, 27.1753883361816, 27.1524696350098, 27.1753883361816, 27.1868476867676, 27.1925754547119, 27.2040348052979, 27.2384128570557, 27.2441425323486, 27.2498722076416, 
27.2899799346924, 27.3128986358643, 27.353006362915, 27.4103012084961, 27.4733257293701, 27.496244430542, 27.5306224822998, 27.5420799255371, 27.564998626709, 27.564998626709, 27.564998626709, 27.6452121734619))),1974038685.42151,"okeechobee"
"337","florida,orange",list(list(c(-81.6407623291016, -81.6407623291016, -81.6178359985352, -81.6006546020508, -81.6121063232422, -81.6407623291016, -81.6350326538086, -81.3943862915039, -81.4001083374023, -81.4115753173828, -81.4344940185547, -81.4459457397461, -81.4459457397461, -81.3199005126953, -81.3141708374023, -80.9818572998047, -80.9474716186523, -80.930290222168, -80.9417495727539, -80.9360198974609, -80.8787231445312, -80.8729934692383, -80.8844528198242, -80.8844528198242, -80.8901824951172, -80.8672637939453, 
-80.8615341186523, -81.6407623291016, 28.338493347168, 28.5504856109619, 28.5905952453613, 28.6192417144775, 28.6421604156494, 28.6650772094727, 28.7739410400391, 28.7739410400391, 28.7510223388672, 28.716646194458, 28.6994533538818, 28.6937274932861, 28.6307010650635, 28.6307010650635, 28.6020526885986, 28.6020526885986, 28.5963230133057, 28.5562171936035, 28.5447578430176, 28.5218391418457, 28.4874629974365, 28.470272064209, 28.4530849456787, 28.4358959197998, 28.4129772186279, 28.3671398162842, 
28.332763671875, 28.338493347168))),2542777226.85449,"orange"
"338","florida,osceola",list(list(c(-80.8672637939453, -81.1308212280273, -81.1250915527344, -81.1365585327148, -81.1651992797852, -81.1651992797852, -81.1766586303711, -81.2167663574219, -81.2511444091797, -81.2740631103516, -81.2969818115234, -81.2969818115234, -81.3313598632812, -81.3370895385742, -81.3600082397461, -81.382926940918, -81.382926940918, -81.3657379150391, -81.3600082397461, -81.3600082397461, -81.382926940918, -81.371467590332, -81.4688720703125, -81.5777282714844, -81.6407623291016, -81.6407623291016, 
-80.8615341186523, -80.8729934692383, -80.8787231445312, -80.8844528198242, -80.8672637939453, -80.8672637939453, 27.6394844055176, 27.6452121734619, 27.6738624572754, 27.7139682769775, 27.7368869781494, 27.7598037719727, 27.7827224731445, 27.8228302001953, 27.8400192260742, 27.8514785766602, 27.885856628418, 27.9030437469482, 27.9259624481201, 27.943151473999, 27.9603404998779, 27.9660701751709, 27.9775295257568, 27.9889888763428, 28.006175994873, 28.0119075775146, 28.0577430725098, 28.0749320983887, 
28.0692024230957, 28.2525482177734, 28.2525482177734, 28.338493347168, 28.332763671875, 27.8113708496094, 27.8056411743164, 27.7254276275635, 27.7196979522705, 27.6394844055176))),3809559056.27205,"osceola"
"339","florida,palm beach",list(list(c(-80.0880355834961, -80.8787231445312, -80.8787231445312, -80.8844528198242, -80.9474716186523, -80.9417495727539, -80.918830871582, -80.8901824951172, -80.8729934692383, -80.8615341186523, -80.8615341186523, -80.8500747680664, -80.8386154174805, -80.7927780151367, -80.7755966186523, -80.6781845092773, -80.6552658081055, -80.649543762207, -80.6552658081055, -80.6266174316406, -80.6151580810547, -80.6094360351562, -80.1510696411133, -80.1510696411133, -80.0823059082031, -80.0708541870117, 
-80.0536651611328, -80.0479354858398, -80.0421981811523, -80.0479354858398, -80.0593948364258, -80.0765838623047, -80.0880355834961, 26.3159523010254, 26.3331394195557, 26.7342109680176, 26.7456703186035, 26.7685890197754, 27.100902557373, 27.1238212585449, 27.1352806091309, 27.1524696350098, 27.1753883361816, 27.2154941558838, 27.2040348052979, 27.2040348052979, 27.2154941558838, 27.2040348052979, 27.1352806091309, 27.100902557373, 27.0779857635498, 27.0550670623779, 27.0092296600342, 26.969123840332, 
26.9462051391602, 26.9462051391602, 26.9576644897461, 26.9576644897461, 26.911828994751, 26.8316135406494, 26.7628574371338, 26.6826438903809, 26.6081600189209, 26.516487121582, 26.4018955230713, 26.3159523010254))),6497269262.68681,"palm beach"
"340","florida,pasco",list(list(c(-82.104850769043, -82.6548919677734, -82.7981262207031, -82.7981262207031, -82.7752151489258, -82.740837097168, -82.735107421875, -82.729377746582, -82.729377746582, -82.7179107666016, -82.7064590454102, -82.7007293701172, -82.6835403442383, -82.2652740478516, -82.2595520019531, -82.0590133666992, -82.0590133666992, -82.0590133666992, -82.104850769043, -82.104850769043, 28.1723346710205, 28.1666049957275, 28.1723346710205, 28.1895236968994, 28.2124404907227, 28.2697372436523, 28.2754669189453, 
28.3041152954102, 28.3442230224609, 28.3728713989258, 28.395788192749, 28.4187068939209, 28.4416255950928, 28.4416255950928, 28.4760036468506, 28.4760036468506, 28.3041152954102, 28.2525482177734, 28.2468185424805, 28.1723346710205))),2045299863.98952,"pasco"
"341","florida,pinellas",list(list(c(-82.6548919677734, -82.6606216430664, -82.6778106689453, -82.6835403442383, -82.6949996948242, -82.7007293701172, -82.7064590454102, -82.7064590454102, -82.7179107666016, -82.729377746582, -82.729377746582, -82.7179107666016, -82.6720733642578, -82.6548919677734, -82.6319732666016, -82.6262435913086, -82.6377029418945, -82.6377029418945, -82.6319732666016, -82.6319732666016, -82.6377029418945, -82.6377029418945, -82.6377029418945, -82.6434326171875, -82.6606216430664, -82.6835403442383, 
-82.6949996948242, -82.7007293701172, -82.7179107666016, -82.735107421875, -82.7522964477539, -82.7580184936523, -82.7694854736328, -82.7752151489258, -82.7866744995117, -82.8038558959961, -82.8095855712891, -82.8210525512695, -82.8267822265625, -82.8439636230469, -82.8496932983398, -82.8496932983398, -82.8325119018555, -82.8038558959961, -82.7866744995117, -82.7866744995117, -82.7866744995117, -82.7981262207031, -82.6548919677734, -82.6548919677734, 28.0119075775146, 28.0119075775146, 28.0233669281006, 
28.0405540466309, 28.0462837219238, 28.0405540466309, 28.0004482269287, 27.9775295257568, 27.9660701751709, 27.9603404998779, 27.9374217987061, 27.9316940307617, 27.9202346801758, 27.8915843963623, 27.885856628418, 27.874397277832, 27.8629379272461, 27.8572082519531, 27.8342895507812, 27.8056411743164, 27.7884540557861, 27.7769947052002, 27.7483444213867, 27.7254276275635, 27.7196979522705, 27.7196979522705, 27.7311573028564, 27.7426166534424, 27.7483444213867, 27.7540760040283, 27.7655353546143, 
27.7769947052002, 27.8342895507812, 27.8457489013672, 27.8514785766602, 27.8514785766602, 27.8342895507812, 27.8342895507812, 27.8400192260742, 27.8686676025391, 27.9030437469482, 27.9259624481201, 27.9603404998779, 28.0119075775146, 28.0520133972168, 28.0921211242676, 28.1264991760254, 28.1723346710205, 28.1666049957275, 28.0119075775146))),650158462.334483,"pinellas"
"342","florida,polk",list(list(c(-81.9501495361328, -81.8642120361328, -81.8642120361328, -81.7954559326172, -81.7897262573242, -81.6407623291016, -81.6407623291016, -81.5777282714844, -81.4688720703125, -81.371467590332, -81.382926940918, -81.3600082397461, -81.3600082397461, -81.3657379150391, -81.382926940918, -81.382926940918, -81.3600082397461, -81.3370895385742, -81.3313598632812, -81.2969818115234, -81.2969818115234, -81.2740631103516, -81.2511444091797, -81.2167663574219, -81.1766586303711, -81.1651992797852, 
-81.1651992797852, -81.1365585327148, -81.1250915527344, -81.1308212280273, -81.5662689208984, -82.0590133666992, -82.0590133666992, -82.104850769043, -82.104850769043, -82.0590133666992, -82.0590133666992, -82.0418243408203, -82.0303649902344, -82.0189056396484, -82.0017242431641, -81.9730682373047, -81.9501495361328, -81.9501495361328, -81.9501495361328, 28.338493347168, 28.338493347168, 28.3556804656982, 28.3499526977539, 28.3442230224609, 28.338493347168, 28.2525482177734, 28.2525482177734, 28.0692024230957, 
28.0749320983887, 28.0577430725098, 28.0119075775146, 28.006175994873, 27.9889888763428, 27.9775295257568, 27.9660701751709, 27.9603404998779, 27.943151473999, 27.9259624481201, 27.9030437469482, 27.885856628418, 27.8514785766602, 27.8400192260742, 27.8228302001953, 27.7827224731445, 27.7598037719727, 27.7368869781494, 27.7139682769775, 27.6738624572754, 27.6452121734619, 27.6452121734619, 27.6452121734619, 28.1666049957275, 28.1723346710205, 28.2468185424805, 28.2525482177734, 28.3041152954102, 
28.3041152954102, 28.3155746459961, 28.3155746459961, 28.3155746459961, 28.3041152954102, 28.3098449707031, 28.3155746459961, 28.338493347168))),5191506804.37011,"polk"
"343","florida,putnam",list(list(c(-81.6636734008789, -81.6579437255859, -81.6808700561523, -81.7496185302734, -81.7496185302734, -81.7839965820312, -81.7839965820312, -81.835563659668, -81.835563659668, -82.0189056396484, -82.0360946655273, -82.0532913208008, -82.0475616455078, -82.0131759643555, -81.9902572631836, -81.9444198608398, -81.9329605102539, -81.9215087890625, -81.8928527832031, -81.8470230102539, -81.8069152832031, -81.5719985961914, -81.5318908691406, -81.5261611938477, -81.5261611938477, -81.5261611938477, 
-81.5032501220703, -81.4860534667969, -81.4803237915039, -81.4574127197266, -81.4230346679688, -81.4459457397461, -81.5376205444336, -81.652214050293, -81.6636734008789, 29.3297100067139, 29.3411674499512, 29.364086151123, 29.364086151123, 29.4213809967041, 29.4213809967041, 29.4786796569824, 29.4786796569824, 29.5130558013916, 29.4958686828613, 29.4786796569824, 29.4729499816895, 29.7193202972412, 29.7422389984131, 29.7422389984131, 29.7422389984131, 29.7536964416504, 29.7766151428223, 29.7880764007568, 
29.7995338439941, 29.822452545166, 29.822452545166, 29.765157699585, 29.7536964416504, 29.621919631958, 29.4958686828613, 29.4729499816895, 29.4557609558105, 29.4099235534668, 29.3927364349365, 29.3927364349365, 29.381275177002, 29.3526287078857, 29.3182487487793, 29.3297100067139))),2124232943.57928,"putnam"
"344","florida,st johns",list(list(c(-81.5719985961914, -81.5949249267578, -81.5891952514648, -81.6006546020508, -81.6694030761719, -81.6694030761719, -81.6636734008789, -81.6636734008789, -81.6636734008789, -81.6350326538086, -81.6235656738281, -81.5949249267578, -81.554817199707, -81.5376205444336, -81.5318908691406, -81.4344940185547, -81.4287643432617, -81.3657379150391, -81.3542709350586, -81.3313598632812, -81.2912521362305, -81.2797927856445, -81.2912521362305, -81.2683334350586, -81.2511444091797, -81.2511444091797, 
-81.2454147338867, -81.2339553833008, -81.2110366821289, -81.199577331543, -81.199577331543, -81.2511444091797, -81.2912521362305, -81.3084411621094, -81.3199005126953, -81.3141708374023, -81.5261611938477, -81.5261611938477, -81.5318908691406, -81.5719985961914, 29.822452545166, 29.9026679992676, 29.9370441436768, 29.9656925201416, 30.0229873657227, 30.0459060668945, 30.074556350708, 30.0917434692383, 30.1146621704102, 30.1146621704102, 30.1146621704102, 30.1146621704102, 30.0974750518799, 30.0917434692383, 
30.0860137939453, 30.0860137939453, 30.2464408874512, 30.2464408874512, 30.1891460418701, 30.0974750518799, 29.9656925201416, 29.9198551177979, 29.8797492980957, 29.8625602722168, 29.833911895752, 29.7880764007568, 29.7250518798828, 29.7021331787109, 29.6906719207764, 29.6734828948975, 29.6448383331299, 29.6505641937256, 29.6448383331299, 29.6505641937256, 29.6448383331299, 29.6276454925537, 29.621919631958, 29.7536964416504, 29.765157699585, 29.822452545166))),1705726643.69709,"st. johns"
"345","florida,st lucie",list(list(c(-80.3344116210938, -80.3286819458008, -80.3286819458008, -80.3114929199219, -80.2713851928711, -80.2427444458008, -80.2140884399414, -80.28857421875, -80.28857421875, -80.6724548339844, -80.6724548339844, -80.3344116210938, 27.5478115081787, 27.5077037811279, 27.4675979614258, 27.433219909668, 27.353006362915, 27.2957096099854, 27.2556018829346, 27.2556018829346, 27.2040348052979, 27.2040348052979, 27.553539276123, 27.5478115081787))),1452478914.83104,"st. lucie"
"346","florida,santa rosa",list(list(c(-86.7973709106445, -86.7973709106445, -86.803108215332, -86.8775863647461, -86.9520797729492, -87.0265579223633, -87.078125, -87.1182327270508, -87.1411514282227, -87.1640701293945, -87.1812591552734, -87.1869888305664, -87.1869888305664, -87.1755294799805, -87.158332824707, -87.1239624023438, -87.078125, -87.0552062988281, -87.0208282470703, -86.986457824707, -86.9749908447266, -86.9749908447266, -86.9807205200195, -87.0036392211914, -87.0150985717773, -87.0150985717773, -87.0150985717773, 
-87.0208282470703, -87.0322952270508, -87.0494766235352, -87.072395324707, -87.078125, -87.0895843505859, -87.1067733764648, -87.1239624023438, -87.1239624023438, -87.1182327270508, -87.1296920776367, -87.1468811035156, -87.1697998046875, -87.1869888305664, -87.2041702270508, -87.1984481811523, -87.2270965576172, -87.2442779541016, -87.2786636352539, -87.2901153564453, -87.2958450317383, -87.3130416870117, -87.3244934082031, -87.3244934082031, -87.3073120117188, -87.3130416870117, -87.3130416870117, 
-87.2786636352539, -87.255744934082, -87.2213668823242, -87.1812591552734, -86.7973709106445, 31.0084743499756, 30.7735633850098, 30.4469795227051, 30.4355182647705, 30.4297866821289, 30.4125995635986, 30.4011421203613, 30.3954105377197, 30.3839530944824, 30.3839530944824, 30.3839530944824, 30.3896808624268, 30.3954105377197, 30.4011421203613, 30.4183292388916, 30.4240608215332, 30.4355182647705, 30.4355182647705, 30.4469795227051, 30.4756240844727, 30.4813556671143, 30.4985427856445, 30.5100040435791, 
30.5157318115234, 30.5329189300537, 30.5501117706299, 30.5730266571045, 30.5844879150391, 30.5844879150391, 30.5615692138672, 30.5157318115234, 30.4928131103516, 30.4870853424072, 30.4870853424072, 30.4928131103516, 30.5100040435791, 30.5386505126953, 30.5501117706299, 30.5615692138672, 30.5844879150391, 30.590217590332, 30.590217590332, 30.5672988891602, 30.5730266571045, 30.5959453582764, 30.6475124359131, 30.7048072814941, 30.721996307373, 30.721996307373, 30.7563762664795, 30.802209854126, 30.8365898132324, 
30.8652362823486, 30.8938846588135, 30.9454498291016, 30.9683685302734, 30.979829788208, 31.0084743499756, 31.0084743499756))),2660686289.40222,"santa rosa"
"347","florida,sarasota",list(list(c(-82.2137145996094, -82.2137145996094, -82.0532913208008, -82.0532913208008, -82.2710113525391, -82.2710113525391, -82.3454895019531, -82.3626861572266, -82.3855972290039, -82.4085235595703, -82.4257049560547, -82.4658126831055, -82.4772720336914, -82.4772720336914, -82.4715423583984, -82.4830017089844, -82.5173797607422, -82.5460357666016, -82.5632171630859, -82.5632171630859, -82.4371643066406, -82.4314346313477, -82.276741027832, -82.2710113525391, -82.2137145996094, 27.1983070373535, 
27.100902557373, 27.100902557373, 27.0321483612061, 27.037878036499, 26.9404754638672, 26.9404754638672, 26.9519348144531, 26.969123840332, 26.9977703094482, 27.0321483612061, 27.0779857635498, 27.100902557373, 27.1180934906006, 27.1524696350098, 27.1811180114746, 27.2269535064697, 27.3014392852783, 27.3472747802734, 27.3873825073242, 27.3873825073242, 27.3816528320312, 27.3816528320312, 27.2097663879395, 27.1983070373535))),1250464900.99509,"sarasota"
"348","florida,seminole",list(list(c(-80.9818572998047, -81.3141708374023, -81.3199005126953, -81.4459457397461, -81.4459457397461, -81.4344940185547, -81.4115753173828, -81.4001083374023, -81.3943862915039, -81.3943862915039, -81.3886566162109, -81.3657379150391, -81.3428192138672, -81.3313598632812, -81.3141708374023, -81.2454147338867, -81.2167663574219, -81.199577331543, -81.1766586303711, -81.1651992797852, -81.1594696044922, -81.1136322021484, -81.1079025268555, -81.1079025268555, -81.0964508056641, -81.0792541503906, 
-81.0506134033203, -81.0448837280273, -81.0448837280273, -81.0219650268555, -81.0105056762695, -80.9875793457031, -80.9818572998047, 28.6020526885986, 28.6020526885986, 28.6307010650635, 28.6307010650635, 28.6937274932861, 28.6994533538818, 28.716646194458, 28.7510223388672, 28.7739410400391, 28.8140468597412, 28.8312358856201, 28.8426971435547, 28.859884262085, 28.8255062103271, 28.8197784423828, 28.8197784423828, 28.8083171844482, 28.7853984832764, 28.7739410400391, 28.7739410400391, 28.7682094573975, 
28.7739410400391, 28.7853984832764, 28.8025875091553, 28.8083171844482, 28.8025875091553, 28.7853984832764, 28.7739410400391, 28.7395648956299, 28.716646194458, 28.6937274932861, 28.6536197662354, 28.6020526885986))),861010750.288508,"seminole"
"349","florida,sumter",list(list(c(-81.9444198608398, -81.9501495361328, -81.9501495361328, -81.9501495361328, -81.9730682373047, -82.0017242431641, -82.0189056396484, -82.0303649902344, -82.0418243408203, -82.0590133666992, -82.0590133666992, -82.0590133666992, -82.0876617431641, -82.1105804443359, -82.1621475219727, -82.1965255737305, -82.2309036254883, -82.2366333007812, -82.2538223266602, -82.2710113525391, -82.282470703125, -82.2710113525391, -82.2595520019531, -82.2366333007812, -82.1793365478516, -82.1736068725586, 
-82.1793365478516, -82.2137145996094, -82.2710113525391, -82.2939300537109, -81.9444198608398, 28.9515571594238, 28.338493347168, 28.3155746459961, 28.3098449707031, 28.3041152954102, 28.3155746459961, 28.3155746459961, 28.3155746459961, 28.3041152954102, 28.3041152954102, 28.4760036468506, 28.5275688171387, 28.5218391418457, 28.5275688171387, 28.5562171936035, 28.5619449615479, 28.5734043121338, 28.5905952453613, 28.6077823638916, 28.6249713897705, 28.6478900909424, 28.6650772094727, 28.6937274932861, 
28.7223720550537, 28.7624797821045, 28.7853984832764, 28.8025875091553, 28.8426971435547, 28.8999919891357, 28.9515571594238, 28.9515571594238))),1564569700.99416,"sumter"
"350","florida,suwannee",list(list(c(-82.7924041748047, -82.7924041748047, -82.7924041748047, -82.7522964477539, -82.7465667724609, -82.7924041748047, -82.7981262207031, -82.8153228759766, -82.8210525512695, -82.8439636230469, -82.8554229736328, -82.8726196289062, -82.9069976806641, -82.912727355957, -82.912727355957, -82.9184494018555, -82.9413681030273, -82.9642868041992, -82.9986724853516, -83.0674209594727, -83.1247100830078, -83.182014465332, -83.1992034912109, -83.2106552124023, -83.2106552124023, -83.2393112182617, 
-83.2335815429688, -83.2335815429688, -83.2393112182617, -83.2393112182617, -83.2163848876953, -83.2049331665039, -83.1992034912109, -83.187744140625, -83.1590957641602, -83.1247100830078, -83.0960693359375, -83.0674209594727, -83.0445022583008, -83.010124206543, -82.9642868041992, -82.9299087524414, -82.9299087524414, -82.9184494018555, -82.9012603759766, -82.8898010253906, -82.8726196289062, -82.7924041748047, 30.3094673156738, 30.1146621704102, 29.9828815460205, 29.9886112213135, 29.9771499633789, 
29.9485054016113, 29.9313163757324, 29.9198551177979, 29.9083976745605, 29.9026679992676, 29.896936416626, 29.8740177154541, 29.8912086486816, 29.9083976745605, 29.9198551177979, 29.9485054016113, 29.9599628448486, 29.9771499633789, 30.0229873657227, 30.074556350708, 30.0974750518799, 30.0974750518799, 30.0974750518799, 30.1089324951172, 30.137580871582, 30.1719570159912, 30.1948757171631, 30.2235221862793, 30.2464408874512, 30.2579021453857, 30.286548614502, 30.3094673156738, 30.3209266662598, 30.3610343933105, 
30.3896808624268, 30.4183292388916, 30.4297866821289, 30.4297866821289, 30.4240608215332, 30.4240608215332, 30.4125995635986, 30.3954105377197, 30.3839530944824, 30.3839530944824, 30.3839530944824, 30.3782234191895, 30.3610343933105, 30.3094673156738))),1753339831.78859,"suwannee"
"351","florida,taylor",list(list(c(-83.3137969970703, -83.3252563476562, -83.3195266723633, -83.3309783935547, -83.3481674194336, -83.3538970947266, -83.37109375, -83.4112014770508, -83.4513092041016, -83.4856796264648, -83.4914093017578, -83.5085983276367, -83.5257873535156, -83.5487060546875, -83.5658950805664, -83.5945434570312, -83.6002731323242, -83.6002731323242, -83.5830841064453, -83.5773468017578, -83.5945434570312, -83.6231842041016, -83.6575698852539, -83.6976776123047, -83.7435073852539, -83.7778930664062, 
-83.8122711181641, -83.8294525146484, -83.9440460205078, -83.9841537475586, -83.9726943969727, -83.9669647216797, -83.9555053710938, -83.9383163452148, -83.915397644043, -83.90966796875, -83.8810195922852, -83.8466415405273, -83.8122711181641, -83.4684906005859, -83.4684906005859, -83.37109375, -83.3768157958984, -83.365364074707, -83.365364074707, -83.3137969970703, 29.822452545166, 29.7880764007568, 29.765157699585, 29.7479705810547, 29.7250518798828, 29.6964015960693, 29.6734828948975, 29.6734828948975, 
29.684944152832, 29.6964015960693, 29.7250518798828, 29.7307777404785, 29.7250518798828, 29.7307777404785, 29.765157699585, 29.7766151428223, 29.7938041687012, 29.8109931945801, 29.822452545166, 29.833911895752, 29.8511028289795, 29.8625602722168, 29.896936416626, 29.9370441436768, 29.9599628448486, 29.9886112213135, 29.9886112213135, 29.9943428039551, 30.0802822113037, 30.1032009124756, 30.137580871582, 30.1604995727539, 30.1834144592285, 30.1891460418701, 30.2063331604004, 30.2407131195068, 30.269359588623, 
30.275089263916, 30.3037395477295, 30.3037395477295, 30.2579021453857, 30.2579021453857, 29.9083976745605, 29.9083976745605, 29.822452545166, 29.822452545166))),2629713502.10154,"taylor"
"352","florida,union",list(list(c(-82.4257049560547, -82.5231094360352, -82.5402984619141, -82.5689468383789, -82.5632171630859, -82.5517578125, -82.5402984619141, -82.5231094360352, -82.5116500854492, -82.4715423583984, -82.4543609619141, -82.460090637207, -82.1334991455078, -82.1392288208008, -82.1621475219727, -82.1736068725586, -82.1965255737305, -82.2710113525391, -82.288200378418, -82.3053817749023, -82.3225784301758, -82.3512191772461, -82.3855972290039, -82.4257049560547, 29.9141254425049, 29.9370441436768, 29.9599628448486, 
29.9828815460205, 30.0058002471924, 30.0172576904297, 30.0459060668945, 30.0688247680664, 30.074556350708, 30.0860137939453, 30.1146621704102, 30.137580871582, 30.137580871582, 30.1032009124756, 30.0917434692383, 30.0802822113037, 30.0516376495361, 30.0058002471924, 29.9886112213135, 29.9599628448486, 29.9542350769043, 29.9485054016113, 29.9370441436768, 29.9141254425049))),645845167.113066,"union"
"353","florida,volusia",list(list(c(-81.6350326538086, -81.646484375, -81.6751327514648, -81.6751327514648, -81.6636734008789, -81.652214050293, -81.5376205444336, -81.4459457397461, -81.4230346679688, -81.4173049926758, -81.1594696044922, -81.1537399291992, -81.1079025268555, -81.0849838256836, -81.0849838256836, -80.9933090209961, -80.9703979492188, -80.9589385986328, -80.9589385986328, -80.9474716186523, -80.930290222168, -80.9073715209961, -80.9016342163086, -80.9016342163086, -80.8558044433594, -80.7870483398438, -80.7583999633789, 
-80.7641296386719, -80.7813186645508, -80.8271560668945, -80.8443450927734, -80.8500747680664, -80.9417495727539, -80.9474716186523, -80.9818572998047, -80.9875793457031, -81.0105056762695, -81.0219650268555, -81.0448837280273, -81.0448837280273, -81.0506134033203, -81.0792541503906, -81.0964508056641, -81.1079025268555, -81.1079025268555, -81.1136322021484, -81.1594696044922, -81.1651992797852, -81.1766586303711, -81.199577331543, -81.2167663574219, -81.2454147338867, -81.3141708374023, -81.3313598632812, 
-81.3428192138672, -81.3370895385742, -81.3485488891602, -81.3542709350586, -81.3657379150391, -81.4058456420898, -81.4344940185547, -81.4459457397461, -81.4631423950195, -81.4746017456055, -81.4860534667969, -81.5204315185547, -81.5490875244141, -81.5605392456055, -81.5719985961914, -81.5949249267578, -81.6006546020508, -81.6178359985352, -81.6350326538086, 29.2552242279053, 29.2838726043701, 29.306791305542, 29.3239803314209, 29.3297100067139, 29.3182487487793, 29.3526287078857, 29.381275177002, 
29.3927364349365, 29.2609539031982, 29.2609539031982, 29.4099235534668, 29.4328422546387, 29.381275177002, 29.3583564758301, 29.2036590576172, 29.1635513305664, 29.1177139282227, 29.0604190826416, 29.0546894073486, 29.0546894073486, 29.0432319641113, 29.0145816802979, 28.9687442779541, 28.8942623138428, 28.8083171844482, 28.7624797821045, 28.7452907562256, 28.7452907562256, 28.7853984832764, 28.7853984832764, 28.7739410400391, 28.7739410400391, 28.5963230133057, 28.6020526885986, 28.6536197662354, 
28.6937274932861, 28.716646194458, 28.7395648956299, 28.7739410400391, 28.7853984832764, 28.8025875091553, 28.8083171844482, 28.8025875091553, 28.7853984832764, 28.7739410400391, 28.7682094573975, 28.7739410400391, 28.7739410400391, 28.7853984832764, 28.8083171844482, 28.8197784423828, 28.8197784423828, 28.8255062103271, 28.859884262085, 28.911449432373, 28.9229106903076, 28.9572868347168, 29.0088520050049, 29.0145816802979, 29.0375003814697, 29.0604190826416, 29.0833377838135, 29.0833377838135, 
29.0947952270508, 29.1463642120361, 29.1750087738037, 29.1864700317383, 29.1979274749756, 29.1979274749756, 29.2036590576172, 29.2151165008545, 29.2552242279053))),3212069881.86794,"volusia"
"354","florida,wakulla",list(list(c(-84.7175445556641, -84.2477111816406, -84.2477111816406, -84.0758209228516, -84.0758209228516, -84.1044769287109, -84.1331253051758, -84.1560363769531, -84.1789627075195, -84.2133331298828, -84.2305297851562, -84.2477111816406, -84.2763671875, -84.2763671875, -84.2820892333984, -84.3050079345703, -84.3393859863281, -84.3565826416016, -84.3909530639648, -84.3909530639648, -84.368034362793, -84.368034362793, -84.4024124145508, -84.4196014404297, -84.4310607910156, -84.4482498168945, -84.4654388427734, 
-84.4768981933594, -84.4883575439453, -84.5055465698242, -84.5227355957031, -84.5341949462891, -84.5628433227539, -84.5800323486328, -84.5972213745117, -84.6430587768555, -84.6602401733398, -84.6888885498047, -84.7175445556641, -84.723274230957, -84.7175445556641, 30.3037395477295, 30.3094673156738, 30.275089263916, 30.275089263916, 30.1089324951172, 30.1032009124756, 30.0917434692383, 30.0917434692383, 30.0974750518799, 30.1146621704102, 30.1146621704102, 30.1146621704102, 30.1146621704102, 30.0860137939453, 
30.074556350708, 30.074556350708, 30.074556350708, 30.0688247680664, 30.0401763916016, 30.0229873657227, 29.9943428039551, 29.9886112213135, 29.9886112213135, 29.9886112213135, 29.9828815460205, 29.9886112213135, 29.9886112213135, 29.9943428039551, 29.9943428039551, 29.9943428039551, 29.9943428039551, 30.0058002471924, 30.0058002471924, 30.0172576904297, 30.0516376495361, 30.0802822113037, 30.1146621704102, 30.1891460418701, 30.2579021453857, 30.286548614502, 30.3037395477295))),1580838482.38178,"wakulla"
"355","florida,walton",list(list(c(-86.0467987060547, -86.0467987060547, -85.8691864013672, -85.8921051025391, -85.8921051025391, -85.903564453125, -85.9207534790039, -85.9322052001953, -85.9264755249023, -85.903564453125, -85.903564453125, -85.903564453125, -85.897834777832, -85.8863677978516, -85.8921051025391, -85.909294128418, -85.9150238037109, -85.9436721801758, -85.9780426025391, -85.9895095825195, -86.0181503295898, -85.9895095825195, -85.9895095825195, -86.0353469848633, -86.1556625366211, -86.2645263671875, -86.3390045166016, 
-86.4020385742188, -86.4020385742188, -86.3733901977539, -86.350471496582, -86.3332824707031, -86.3218231201172, -86.3046340942383, -86.2874450683594, -86.2473373413086, -86.2072296142578, -86.1671295166016, -86.1442031860352, -86.1384735107422, -86.1384735107422, -86.1613922119141, -86.1957702636719, -86.2358779907227, -86.2473373413086, -86.2587966918945, -86.2874450683594, -86.2988967895508, -86.3332824707031, -86.361930847168, -86.4020385742188, -86.3963088989258, -86.3905715942383, -86.2014999389648, 
-86.0467987060547, 31.0084743499756, 30.727725982666, 30.721996307373, 30.7048072814941, 30.6818885803223, 30.664701461792, 30.6589698791504, 30.6303253173828, 30.6074066162109, 30.5844879150391, 30.5615692138672, 30.527193069458, 30.5157318115234, 30.5042743682861, 30.4928131103516, 30.4698944091797, 30.4584369659424, 30.4527053833008, 30.4527053833008, 30.4355182647705, 30.4011421203613, 30.4011421203613, 30.286548614502, 30.3094673156738, 30.3438453674316, 30.3782234191895, 30.3954105377197, 30.4011421203613, 
30.4469795227051, 30.4355182647705, 30.4412479400635, 30.4527053833008, 30.4527053833008, 30.4469795227051, 30.4469795227051, 30.4469795227051, 30.4355182647705, 30.4240608215332, 30.4297866821289, 30.4355182647705, 30.4527053833008, 30.4756240844727, 30.4985427856445, 30.5157318115234, 30.5157318115234, 30.5157318115234, 30.5042743682861, 30.4985427856445, 30.5042743682861, 30.5100040435791, 30.4928131103516, 30.7506446838379, 31.0084743499756, 31.0084743499756, 31.0084743499756))),2734755264.97311,"walton"
"356","florida,washington",list(list(c(-85.8691864013672, -85.8634567260742, -85.8519973754883, -85.8519973754883, -85.8462677001953, -85.7717819213867, -85.7603225708008, -85.7488632202148, -85.7431335449219, -85.6399993896484, -85.6056213378906, -85.5024948120117, -85.5024948120117, -85.450927734375, -85.450927734375, -85.5024948120117, -85.5082244873047, -85.8749160766602, -85.897834777832, -85.9150238037109, -85.9379425048828, -85.9665832519531, -85.9895095825195, -86.0181503295898, -85.9895095825195, -85.9780426025391, 
-85.9436721801758, -85.9150238037109, -85.909294128418, -85.8921051025391, -85.8863677978516, -85.897834777832, -85.903564453125, -85.903564453125, -85.903564453125, -85.9264755249023, -85.9322052001953, -85.9207534790039, -85.903564453125, -85.8921051025391, -85.8921051025391, -85.8691864013672, 30.721996307373, 30.7449150085449, 30.7678337097168, 30.7907524108887, 30.802209854126, 30.8079414367676, 30.7964820861816, 30.7907524108887, 30.7621040344238, 30.7621040344238, 30.8480472564697, 30.8480472564697, 
30.8079414367676, 30.802209854126, 30.5730266571045, 30.5730266571045, 30.4527053833008, 30.4527053833008, 30.4355182647705, 30.4240608215332, 30.4240608215332, 30.4240608215332, 30.4011421203613, 30.4011421203613, 30.4355182647705, 30.4527053833008, 30.4527053833008, 30.4584369659424, 30.4698944091797, 30.4928131103516, 30.5042743682861, 30.5157318115234, 30.527193069458, 30.5615692138672, 30.5844879150391, 30.6074066162109, 30.6303253173828, 30.6589698791504, 30.664701461792, 30.6818885803223, 
30.7048072814941, 30.721996307373))),1623580717.79125,"washington"
